-- phpMyAdmin SQL Dump
-- version 4.0.10.18
-- https://www.phpmyadmin.net
--
-- Host: localhost:3306
-- Generation Time: Mar 31, 2018 at 12:53 PM
-- Server version: 5.5.45-37.4-log
-- PHP Version: 5.6.30

SET SQL_MODE = "NO_AUTO_VALUE_ON_ZERO";
SET time_zone = "+00:00";


/*!40101 SET @OLD_CHARACTER_SET_CLIENT=@@CHARACTER_SET_CLIENT */;
/*!40101 SET @OLD_CHARACTER_SET_RESULTS=@@CHARACTER_SET_RESULTS */;
/*!40101 SET @OLD_COLLATION_CONNECTION=@@COLLATION_CONNECTION */;
/*!40101 SET NAMES utf8 */;

--
-- Database: `beehipfc_sih18`
--

-- --------------------------------------------------------

--
-- Table structure for table `BLAH`
--

CREATE TABLE IF NOT EXISTS `BLAH` (
  `prodid` varchar(5) NOT NULL,
  `empid` varchar(5) NOT NULL,
  `action` varchar(5) NOT NULL
) ENGINE=MyISAM DEFAULT CHARSET=latin1;

--
-- Dumping data for table `BLAH`
--

INSERT INTO `BLAH` (`prodid`, `empid`, `action`) VALUES
('0', 'P5', 'D'),
('0', 'S17', 'S'),
('0', 'S8', 'S'),
('0', 'P14', 'B'),
('1', 'P6', 'D'),
('1', 'S19', 'S'),
('1', 'S10', 'S'),
('1', 'P16', 'B'),
('2', 'P16', 'D'),
('2', 'S19', 'S'),
('2', 'S12', 'S'),
('2', 'P7', 'B'),
('3', 'P18', 'D'),
('3', 'S12', 'S'),
('3', 'S16', 'S'),
('3', 'P9', 'B'),
('4', 'P15', 'D'),
('4', 'S13', 'S'),
('4', 'S14', 'S'),
('4', 'P14', 'B'),
('5', 'P17', 'D'),
('5', 'S5', 'S'),
('5', 'S11', 'S'),
('5', 'P9', 'B'),
('6', 'P8', 'D'),
('6', 'S6', 'S'),
('6', 'S17', 'S'),
('6', 'P15', 'B'),
('7', 'P16', 'D'),
('7', 'S14', 'S'),
('7', 'S16', 'S'),
('7', 'P6', 'B'),
('8', 'P9', 'D'),
('8', 'S9', 'S'),
('8', 'S14', 'S'),
('8', 'P3', 'B'),
('9', 'P7', 'D'),
('9', 'S16', 'S'),
('9', 'S10', 'S'),
('9', 'P14', 'B'),
('10', 'P6', 'D'),
('10', 'S2', 'S'),
('10', 'S19', 'S'),
('10', 'P4', 'B'),
('11', 'P8', 'D'),
('11', 'S9', 'S'),
('11', 'S11', 'S'),
('11', 'P9', 'B'),
('12', 'P19', 'D'),
('12', 'S1', 'S'),
('12', 'S1', 'S'),
('12', 'P18', 'B'),
('13', 'P10', 'D'),
('13', 'P12', 'D'),
('13', 'S18', 'S'),
('13', 'S6', 'S'),
('13', 'P4', 'B'),
('14', 'P18', 'D'),
('14', 'S1', 'S'),
('14', 'P19', 'B'),
('15', 'P13', 'D'),
('15', 'S8', 'S'),
('15', 'S15', 'S'),
('15', 'P13', 'B'),
('16', 'P3', 'D'),
('16', 'S19', 'S'),
('16', 'S18', 'S'),
('16', 'P17', 'B'),
('17', 'P13', 'D'),
('17', 'S15', 'S'),
('17', 'S7', 'S'),
('17', 'P13', 'B'),
('18', 'P18', 'D'),
('18', 'S14', 'S'),
('18', 'S4', 'S'),
('18', 'P12', 'B'),
('19', 'P7', 'D'),
('19', 'S14', 'S'),
('19', 'S9', 'S'),
('19', 'P18', 'B'),
('20', 'P6', 'D'),
('20', 'S11', 'S'),
('20', 'P14', 'B'),
('21', 'P16', 'D'),
('21', 'S7', 'S'),
('21', 'S6', 'S'),
('21', 'P14', 'B'),
('22', 'P10', 'D'),
('22', 'S14', 'S'),
('22', 'S2', 'S'),
('22', 'P13', 'B'),
('23', 'P9', 'D'),
('23', 'S5', 'S'),
('23', 'S17', 'S'),
('23', 'P17', 'B'),
('24', 'P5', 'D'),
('24', 'S9', 'S'),
('24', 'S15', 'S'),
('24', 'P10', 'B'),
('25', 'P4', 'D'),
('25', 'S2', 'S'),
('25', 'S10', 'S'),
('25', 'P10', 'B'),
('26', 'P1', 'D'),
('26', 'S12', 'S'),
('26', 'S14', 'S'),
('26', 'P17', 'B'),
('27', 'P11', 'D'),
('27', 'S8', 'S'),
('27', 'S2', 'S'),
('27', 'P5', 'B'),
('28', 'P16', 'D'),
('28', 'S3', 'S'),
('28', 'S10', 'S'),
('28', 'P2', 'B'),
('29', 'P17', 'D'),
('29', 'S8', 'S'),
('29', 'P19', 'B'),
('30', 'P4', 'D'),
('30', 'S19', 'S'),
('30', 'S10', 'S'),
('30', 'P10', 'B'),
('31', 'P12', 'D'),
('31', 'S12', 'S'),
('31', 'S9', 'S'),
('31', 'P9', 'B'),
('32', 'P12', 'D'),
('32', 'S3', 'S'),
('32', 'S16', 'S'),
('32', 'P16', 'B'),
('33', 'P18', 'D'),
('33', 'S5', 'S'),
('33', 'S18', 'S'),
('33', 'P9', 'B'),
('34', 'P9', 'D'),
('34', 'S5', 'S'),
('34', 'S13', 'S'),
('34', 'P1', 'B'),
('35', 'P12', 'D'),
('35', 'S11', 'S'),
('35', 'P14', 'B'),
('36', 'P15', 'D'),
('36', 'S4', 'S'),
('36', 'S2', 'S'),
('36', 'P2', 'B'),
('37', 'P8', 'D'),
('37', 'S2', 'S'),
('37', 'S12', 'S'),
('37', 'P19', 'B'),
('38', 'P9', 'D'),
('38', 'S16', 'S'),
('38', 'S10', 'S'),
('38', 'P14', 'B'),
('39', 'P9', 'D'),
('39', 'S17', 'S'),
('39', 'S12', 'S'),
('39', 'P19', 'B'),
('40', 'P4', 'D'),
('40', 'S12', 'S'),
('40', 'S19', 'S'),
('40', 'P6', 'B'),
('41', 'P17', 'D'),
('41', 'S1', 'S'),
('41', 'S19', 'S'),
('41', 'P3', 'B'),
('42', 'P11', 'D'),
('42', 'S9', 'S'),
('42', 'S8', 'S'),
('42', 'P9', 'B'),
('43', 'P10', 'D'),
('43', 'S16', 'S'),
('43', 'S12', 'S'),
('43', 'P18', 'B'),
('44', 'P3', 'D'),
('44', 'S16', 'S'),
('44', 'S10', 'S'),
('44', 'P17', 'B'),
('45', 'P18', 'D'),
('45', 'S13', 'S'),
('45', 'S17', 'S'),
('45', 'P13', 'B'),
('46', 'P13', 'D'),
('46', 'S15', 'S'),
('46', 'S16', 'S'),
('46', 'P14', 'B'),
('47', 'P2', 'D'),
('47', 'S17', 'S'),
('47', 'S3', 'S'),
('47', 'P14', 'B'),
('48', 'P15', 'D'),
('48', 'S9', 'S'),
('48', 'S19', 'S'),
('48', 'P1', 'B'),
('49', 'P6', 'D'),
('49', 'S15', 'S'),
('49', 'S13', 'S'),
('49', 'P12', 'B'),
('50', 'P1', 'D'),
('50', 'S1', 'S'),
('50', 'S8', 'S'),
('50', 'P8', 'B'),
('51', 'P18', 'D'),
('51', 'S10', 'S'),
('51', 'S1', 'S'),
('51', 'P11', 'B'),
('52', 'P4', 'D'),
('52', 'S5', 'S'),
('52', 'S11', 'S'),
('52', 'P1', 'B'),
('53', 'P16', 'D'),
('53', 'S15', 'S'),
('53', 'P11', 'B'),
('54', 'P4', 'D'),
('54', 'S19', 'S'),
('54', 'S18', 'S'),
('54', 'P4', 'B'),
('55', 'P9', 'D'),
('55', 'P8', 'D'),
('55', 'S15', 'S'),
('55', 'S8', 'S'),
('55', 'P13', 'B'),
('56', 'P2', 'D'),
('56', 'S14', 'S'),
('56', 'S13', 'S'),
('56', 'P19', 'B'),
('57', 'P16', 'D'),
('57', 'S3', 'S'),
('57', 'S12', 'S'),
('57', 'P13', 'B'),
('58', 'P11', 'D'),
('58', 'S8', 'S'),
('58', 'S19', 'S'),
('58', 'P18', 'B'),
('59', 'P5', 'D'),
('59', 'S12', 'S'),
('59', 'S19', 'S'),
('59', 'P13', 'B'),
('60', 'P7', 'D'),
('60', 'S4', 'S'),
('60', 'S5', 'S'),
('60', 'P16', 'B'),
('61', 'P7', 'D'),
('61', 'S12', 'S'),
('61', 'S1', 'S'),
('61', 'P14', 'B'),
('62', 'P7', 'D'),
('62', 'S9', 'S'),
('62', 'S5', 'S'),
('62', 'P9', 'B'),
('63', 'P18', 'D'),
('63', 'S4', 'S'),
('63', 'S3', 'S'),
('63', 'P11', 'B'),
('64', 'P18', 'D'),
('64', 'S4', 'S'),
('64', 'S12', 'S'),
('64', 'P14', 'B'),
('65', 'P7', 'D'),
('65', 'S14', 'S'),
('65', 'S12', 'S'),
('65', 'P5', 'B'),
('66', 'P4', 'D'),
('66', 'S7', 'S'),
('66', 'S18', 'S'),
('66', 'P5', 'B'),
('67', 'P17', 'D'),
('67', 'S11', 'S'),
('67', 'S4', 'S'),
('67', 'P5', 'B'),
('68', 'P19', 'D'),
('68', 'S6', 'S'),
('68', 'S9', 'S'),
('68', 'P6', 'B'),
('69', 'P7', 'D'),
('69', 'S18', 'S'),
('69', 'S15', 'S'),
('69', 'P4', 'B'),
('70', 'P7', 'D'),
('70', 'S15', 'S'),
('70', 'S17', 'S'),
('70', 'P16', 'B'),
('71', 'P18', 'D'),
('71', 'S3', 'S'),
('71', 'S4', 'S'),
('71', 'P10', 'B'),
('72', 'P1', 'D'),
('72', 'S7', 'S'),
('72', 'S2', 'S'),
('72', 'P1', 'B'),
('73', 'P6', 'D'),
('73', 'S17', 'S'),
('73', 'S2', 'S'),
('73', 'P14', 'B'),
('74', 'P15', 'D'),
('74', 'S6', 'S'),
('74', 'S1', 'S'),
('74', 'P4', 'B'),
('75', 'P19', 'D'),
('75', 'S18', 'S'),
('75', 'S14', 'S'),
('75', 'P12', 'B'),
('76', 'P10', 'D'),
('76', 'P14', 'D'),
('76', 'S18', 'S'),
('76', 'P5', 'B'),
('77', 'P13', 'D'),
('77', 'S8', 'S'),
('77', 'S5', 'S'),
('77', 'P3', 'B'),
('78', 'P17', 'D'),
('78', 'S3', 'S'),
('78', 'S5', 'S'),
('78', 'P15', 'B'),
('79', 'P9', 'D'),
('79', 'S10', 'S'),
('79', 'S3', 'S'),
('79', 'P17', 'B'),
('80', 'P16', 'D'),
('80', 'S15', 'S'),
('80', 'S19', 'S'),
('80', 'P9', 'B'),
('81', 'P16', 'D'),
('81', 'S2', 'S'),
('81', 'S19', 'S'),
('81', 'P2', 'B'),
('82', 'P3', 'D'),
('82', 'S1', 'S'),
('82', 'S10', 'S'),
('82', 'P8', 'B'),
('83', 'P14', 'D'),
('83', 'S11', 'S'),
('83', 'S7', 'S'),
('83', 'P4', 'B'),
('84', 'P18', 'D'),
('84', 'S14', 'S'),
('84', 'S6', 'S'),
('84', 'P2', 'B'),
('85', 'P13', 'D'),
('85', 'S15', 'S'),
('85', 'S15', 'S'),
('85', 'P3', 'B'),
('86', 'P2', 'D'),
('86', 'S7', 'S'),
('86', 'S2', 'S'),
('86', 'P19', 'B'),
('87', 'P9', 'D'),
('87', 'S19', 'S'),
('87', 'S7', 'S'),
('87', 'P7', 'B'),
('88', 'P17', 'D'),
('88', 'S14', 'S'),
('88', 'S8', 'S'),
('88', 'P6', 'B'),
('89', 'P19', 'D'),
('89', 'S15', 'S'),
('89', 'S15', 'S'),
('89', 'P10', 'B'),
('90', 'P2', 'D'),
('90', 'S3', 'S'),
('90', 'S1', 'S'),
('90', 'P17', 'B'),
('91', 'P17', 'D'),
('91', 'S14', 'S'),
('91', 'S16', 'S'),
('91', 'P1', 'B'),
('92', 'P9', 'D'),
('92', 'S3', 'S'),
('92', 'S19', 'S'),
('92', 'P4', 'B'),
('93', 'P13', 'D'),
('93', 'S13', 'S'),
('93', 'S5', 'S'),
('93', 'P13', 'B'),
('94', 'P3', 'D'),
('94', 'S5', 'S'),
('94', 'S11', 'S'),
('94', 'P10', 'B'),
('95', 'P10', 'D'),
('95', 'S1', 'S'),
('95', 'S12', 'S'),
('95', 'P17', 'B'),
('96', 'P7', 'D'),
('96', 'S6', 'S'),
('96', 'P17', 'B'),
('97', 'P11', 'D'),
('97', 'S16', 'S'),
('97', 'S8', 'S'),
('97', 'P15', 'B'),
('98', 'P9', 'D'),
('98', 'S13', 'S'),
('98', 'S2', 'S'),
('98', 'P3', 'B'),
('99', 'P10', 'D'),
('99', 'S7', 'S'),
('99', 'S5', 'S'),
('99', 'P2', 'B'),
('100', 'P11', 'D'),
('100', 'S9', 'S'),
('100', 'S18', 'S'),
('100', 'P8', 'B'),
('101', 'P18', 'D'),
('101', 'S5', 'S'),
('101', 'S13', 'S'),
('101', 'P3', 'B'),
('102', 'P4', 'D'),
('102', 'S13', 'S'),
('102', 'S7', 'S'),
('102', 'P1', 'B'),
('103', 'P11', 'D'),
('103', 'S15', 'S'),
('103', 'S19', 'S'),
('103', 'P5', 'B'),
('104', 'P15', 'D'),
('104', 'S1', 'S'),
('104', 'S2', 'S'),
('104', 'P2', 'B'),
('105', 'P14', 'D'),
('105', 'S19', 'S'),
('105', 'S4', 'S'),
('105', 'P19', 'B'),
('106', 'P8', 'D'),
('106', 'S4', 'S'),
('106', 'S10', 'S'),
('106', 'P11', 'B'),
('107', 'P3', 'D'),
('107', 'S4', 'S'),
('107', 'P2', 'B'),
('108', 'P17', 'D'),
('108', 'S18', 'S'),
('108', 'S17', 'S'),
('108', 'P3', 'B'),
('109', 'P17', 'D'),
('109', 'S13', 'S'),
('109', 'P18', 'B'),
('110', 'P8', 'D'),
('110', 'S6', 'S'),
('110', 'S18', 'S'),
('110', 'P10', 'B'),
('111', 'P7', 'D'),
('111', 'S11', 'S'),
('111', 'S8', 'S'),
('111', 'P19', 'B'),
('112', 'P16', 'D'),
('112', 'S6', 'S'),
('112', 'S7', 'S'),
('112', 'P13', 'B'),
('113', 'P12', 'D'),
('113', 'S5', 'S'),
('113', 'S7', 'S'),
('113', 'P10', 'B'),
('114', 'P11', 'D'),
('114', 'S12', 'S'),
('114', 'S7', 'S'),
('114', 'P16', 'B'),
('115', 'P2', 'D'),
('115', 'S2', 'S'),
('115', 'S16', 'S'),
('115', 'P2', 'B'),
('116', 'P12', 'D'),
('116', 'S19', 'S'),
('116', 'S12', 'S'),
('116', 'P10', 'B'),
('117', 'P8', 'D'),
('117', 'S1', 'S'),
('117', 'P2', 'B'),
('118', 'P11', 'D'),
('118', 'S2', 'S'),
('118', 'S8', 'S'),
('118', 'P11', 'B'),
('119', 'P13', 'D'),
('119', 'S3', 'S'),
('119', 'S17', 'S'),
('119', 'P16', 'B'),
('120', 'P16', 'D'),
('120', 'P2', 'D'),
('120', 'S3', 'S'),
('120', 'S8', 'S'),
('120', 'P2', 'B'),
('121', 'P3', 'D'),
('121', 'S11', 'S'),
('121', 'S12', 'S'),
('121', 'P12', 'B'),
('122', 'P14', 'D'),
('122', 'S17', 'S'),
('122', 'S2', 'S'),
('122', 'P19', 'B'),
('123', 'P15', 'D'),
('123', 'S7', 'S'),
('123', 'S8', 'S'),
('123', 'P11', 'B'),
('124', 'P1', 'D'),
('124', 'S1', 'S'),
('124', 'S14', 'S'),
('124', 'P15', 'B'),
('125', 'P10', 'D'),
('125', 'S10', 'S'),
('125', 'S8', 'S'),
('125', 'P10', 'B'),
('126', 'P15', 'D'),
('126', 'S19', 'S'),
('126', 'S15', 'S'),
('126', 'P15', 'B'),
('127', 'P3', 'D'),
('127', 'S18', 'S'),
('127', 'S1', 'S'),
('127', 'P19', 'B'),
('128', 'P1', 'D'),
('128', 'S8', 'S'),
('128', 'S7', 'S'),
('128', 'P14', 'B'),
('129', 'P10', 'D'),
('129', 'S8', 'S'),
('129', 'S18', 'S'),
('129', 'P14', 'B'),
('130', 'P15', 'D'),
('130', 'S12', 'S'),
('130', 'S11', 'S'),
('130', 'P18', 'B'),
('131', 'P9', 'D'),
('131', 'S9', 'S'),
('131', 'P19', 'B'),
('132', 'P10', 'D'),
('132', 'S17', 'S'),
('132', 'S15', 'S'),
('132', 'P10', 'B'),
('133', 'P1', 'D'),
('133', 'S6', 'S'),
('133', 'S12', 'S'),
('133', 'P11', 'B'),
('134', 'P2', 'D'),
('134', 'S9', 'S'),
('134', 'S10', 'S'),
('134', 'P12', 'B'),
('135', 'P13', 'D'),
('135', 'S18', 'S'),
('135', 'S6', 'S'),
('135', 'P2', 'B'),
('136', 'P7', 'D'),
('136', 'S2', 'S'),
('136', 'S4', 'S'),
('136', 'P5', 'B'),
('137', 'P9', 'D'),
('137', 'S1', 'S'),
('137', 'P11', 'B'),
('138', 'P19', 'D'),
('138', 'S13', 'S'),
('138', 'S15', 'S'),
('138', 'P4', 'B'),
('139', 'P14', 'D'),
('139', 'S14', 'S'),
('139', 'S5', 'S'),
('139', 'P4', 'B'),
('140', 'P17', 'D'),
('140', 'S3', 'S'),
('140', 'S15', 'S'),
('140', 'P7', 'B'),
('141', 'P7', 'D'),
('141', 'S14', 'S'),
('141', 'S17', 'S'),
('141', 'P8', 'B'),
('142', 'P3', 'D'),
('142', 'S13', 'S'),
('142', 'S5', 'S'),
('142', 'P13', 'B'),
('143', 'P12', 'D'),
('143', 'S16', 'S'),
('143', 'S4', 'S'),
('143', 'P4', 'B'),
('144', 'P11', 'D'),
('144', 'S17', 'S'),
('144', 'S10', 'S'),
('144', 'P7', 'B'),
('145', 'P3', 'D'),
('145', 'S3', 'S'),
('145', 'S19', 'S'),
('145', 'P6', 'B'),
('146', 'P13', 'D'),
('146', 'S6', 'S'),
('146', 'S18', 'S'),
('146', 'P9', 'B'),
('147', 'P10', 'D'),
('147', 'S16', 'S'),
('147', 'S14', 'S'),
('147', 'P19', 'B'),
('148', 'P15', 'D'),
('148', 'S2', 'S'),
('148', 'S6', 'S'),
('148', 'P2', 'B'),
('149', 'P7', 'D'),
('149', 'S15', 'S'),
('149', 'S16', 'S'),
('149', 'P15', 'B'),
('150', 'P19', 'D'),
('150', 'S16', 'S'),
('150', 'S12', 'S'),
('150', 'P17', 'B'),
('151', 'P2', 'D'),
('151', 'S11', 'S'),
('151', 'S16', 'S'),
('151', 'P6', 'B'),
('152', 'P10', 'D'),
('152', 'S11', 'S'),
('152', 'S14', 'S'),
('152', 'P11', 'B'),
('153', 'P12', 'D'),
('153', 'S17', 'S'),
('153', 'S10', 'S'),
('153', 'P14', 'B'),
('154', 'P10', 'D'),
('154', 'S10', 'S'),
('154', 'S12', 'S'),
('154', 'P12', 'B'),
('155', 'P3', 'D'),
('155', 'S2', 'S'),
('155', 'S16', 'S'),
('155', 'P7', 'B'),
('156', 'P18', 'D'),
('156', 'P5', 'D'),
('156', 'S1', 'S'),
('156', 'S15', 'S'),
('156', 'P2', 'B'),
('157', 'P5', 'D'),
('157', 'S8', 'S'),
('157', 'S3', 'S'),
('157', 'P1', 'B'),
('158', 'P12', 'D'),
('158', 'S3', 'S'),
('158', 'S8', 'S'),
('158', 'P6', 'B'),
('159', 'P7', 'D'),
('159', 'S6', 'S'),
('159', 'S12', 'S'),
('159', 'P5', 'B'),
('160', 'P14', 'D'),
('160', 'S4', 'S'),
('160', 'S14', 'S'),
('160', 'P15', 'B'),
('161', 'P8', 'D'),
('161', 'S16', 'S'),
('161', 'S9', 'S'),
('161', 'P9', 'B'),
('162', 'P11', 'D'),
('162', 'S13', 'S'),
('162', 'S14', 'S'),
('162', 'P16', 'B'),
('163', 'P15', 'D'),
('163', 'S6', 'S'),
('163', 'S12', 'S'),
('163', 'P10', 'B'),
('164', 'P16', 'D'),
('164', 'S9', 'S'),
('164', 'S3', 'S'),
('164', 'P19', 'B'),
('165', 'P13', 'D'),
('165', 'S13', 'S'),
('165', 'S5', 'S'),
('165', 'P10', 'B'),
('166', 'P15', 'D'),
('166', 'S6', 'S'),
('166', 'S16', 'S'),
('166', 'P7', 'B'),
('167', 'P13', 'D'),
('167', 'S18', 'S'),
('167', 'S10', 'S'),
('167', 'P6', 'B'),
('168', 'P16', 'D'),
('168', 'S14', 'S'),
('168', 'P11', 'B'),
('169', 'P3', 'D'),
('169', 'S12', 'S'),
('169', 'S19', 'S'),
('169', 'P6', 'B'),
('170', 'P6', 'D'),
('170', 'S4', 'S'),
('170', 'S12', 'S'),
('170', 'P3', 'B'),
('171', 'P5', 'D'),
('171', 'S10', 'S'),
('171', 'S3', 'S'),
('171', 'P18', 'B'),
('172', 'P9', 'D'),
('172', 'S16', 'S'),
('172', 'S14', 'S'),
('172', 'P4', 'B'),
('173', 'P13', 'D'),
('173', 'S10', 'S'),
('173', 'S6', 'S'),
('173', 'P3', 'B'),
('174', 'P16', 'D'),
('174', 'S4', 'S'),
('174', 'S10', 'S'),
('174', 'P16', 'B'),
('175', 'P11', 'D'),
('175', 'S9', 'S'),
('175', 'S12', 'S'),
('175', 'P9', 'B'),
('176', 'P19', 'D'),
('176', 'S17', 'S'),
('176', 'S16', 'S'),
('176', 'P5', 'B'),
('177', 'P10', 'D'),
('177', 'S15', 'S'),
('177', 'S8', 'S'),
('177', 'P13', 'B'),
('178', 'P10', 'D'),
('178', 'S16', 'S'),
('178', 'S4', 'S'),
('178', 'P3', 'B'),
('179', 'P6', 'D'),
('179', 'S9', 'S'),
('179', 'S1', 'S'),
('179', 'P9', 'B'),
('180', 'P2', 'D'),
('180', 'S3', 'S'),
('180', 'S11', 'S'),
('180', 'P9', 'B'),
('181', 'P3', 'D'),
('181', 'S13', 'S'),
('181', 'S3', 'S'),
('181', 'P12', 'B'),
('182', 'P3', 'D'),
('182', 'S4', 'S'),
('182', 'S18', 'S'),
('182', 'P13', 'B'),
('183', 'P6', 'D'),
('183', 'S6', 'S'),
('183', 'S10', 'S'),
('183', 'P17', 'B'),
('184', 'P7', 'D'),
('184', 'S18', 'S'),
('184', 'S9', 'S'),
('184', 'P18', 'B'),
('185', 'P11', 'D'),
('185', 'S18', 'S'),
('185', 'S8', 'S'),
('185', 'P11', 'B'),
('186', 'P15', 'D'),
('186', 'S12', 'S'),
('186', 'S19', 'S'),
('186', 'P12', 'B'),
('187', 'P12', 'D'),
('187', 'S19', 'S'),
('187', 'S11', 'S'),
('187', 'P2', 'B'),
('188', 'P13', 'D'),
('188', 'S6', 'S'),
('188', 'S10', 'S'),
('188', 'P7', 'B'),
('189', 'P8', 'D'),
('189', 'S3', 'S'),
('189', 'S8', 'S'),
('189', 'P15', 'B'),
('190', 'P17', 'D'),
('190', 'S6', 'S'),
('190', 'S11', 'S'),
('190', 'P5', 'B'),
('191', 'P12', 'D'),
('191', 'P10', 'D'),
('191', 'S3', 'S'),
('191', 'P3', 'B'),
('192', 'P10', 'D'),
('192', 'S3', 'S'),
('192', 'S8', 'S'),
('192', 'P8', 'B'),
('193', 'P12', 'D'),
('193', 'S6', 'S'),
('193', 'S3', 'S'),
('193', 'P11', 'B'),
('194', 'P4', 'D'),
('194', 'S17', 'S'),
('194', 'S10', 'S'),
('194', 'P14', 'B'),
('195', 'P9', 'D'),
('195', 'S5', 'S'),
('195', 'P1', 'B'),
('196', 'P8', 'D'),
('196', 'S9', 'S'),
('196', 'S4', 'S'),
('196', 'P12', 'B'),
('197', 'P16', 'D'),
('197', 'S5', 'S'),
('197', 'S16', 'S'),
('197', 'P14', 'B'),
('198', 'P18', 'D'),
('198', 'S16', 'S'),
('198', 'S5', 'S'),
('198', 'P6', 'B'),
('199', 'P6', 'D'),
('199', 'S14', 'S'),
('199', 'S12', 'S'),
('199', 'P17', 'B'),
('200', 'P6', 'D'),
('200', 'S15', 'S'),
('200', 'S19', 'S'),
('200', 'P14', 'B'),
('201', 'P12', 'D'),
('201', 'S18', 'S'),
('201', 'S5', 'S'),
('201', 'P6', 'B'),
('202', 'P16', 'D'),
('202', 'S7', 'S'),
('202', 'S6', 'S'),
('202', 'P1', 'B'),
('203', 'P12', 'D'),
('203', 'S1', 'S'),
('203', 'P4', 'B'),
('204', 'P7', 'D'),
('204', 'S11', 'S'),
('204', 'S9', 'S'),
('204', 'P8', 'B'),
('205', 'P6', 'D'),
('205', 'S18', 'S'),
('205', 'P8', 'B'),
('206', 'P8', 'D'),
('206', 'S10', 'S'),
('206', 'S10', 'S'),
('206', 'P13', 'B'),
('207', 'P14', 'D'),
('207', 'S5', 'S'),
('207', 'S1', 'S'),
('207', 'P10', 'B'),
('208', 'P1', 'D'),
('208', 'S7', 'S'),
('208', 'S11', 'S'),
('208', 'P17', 'B'),
('209', 'P2', 'D'),
('209', 'S14', 'S'),
('209', 'S11', 'S'),
('209', 'P2', 'B'),
('210', 'P17', 'D'),
('210', 'S15', 'S'),
('210', 'S4', 'S'),
('210', 'P15', 'B'),
('211', 'P1', 'D'),
('211', 'S11', 'S'),
('211', 'S6', 'S'),
('211', 'P13', 'B'),
('212', 'P17', 'D'),
('212', 'S1', 'S'),
('212', 'S8', 'S'),
('212', 'P7', 'B'),
('213', 'P7', 'D'),
('213', 'S10', 'S'),
('213', 'S9', 'S'),
('213', 'P12', 'B'),
('214', 'P14', 'D'),
('214', 'S11', 'S'),
('214', 'S2', 'S'),
('214', 'P17', 'B'),
('215', 'P18', 'D'),
('215', 'S11', 'S'),
('215', 'S18', 'S'),
('215', 'P9', 'B'),
('216', 'P3', 'D'),
('216', 'S13', 'S'),
('216', 'S18', 'S'),
('216', 'P3', 'B'),
('217', 'P15', 'D'),
('217', 'S17', 'S'),
('217', 'S13', 'S'),
('217', 'P18', 'B'),
('218', 'P5', 'D'),
('218', 'S5', 'S'),
('218', 'S5', 'S'),
('218', 'P16', 'B'),
('219', 'P4', 'D'),
('219', 'S8', 'S'),
('219', 'S4', 'S'),
('219', 'P4', 'B'),
('220', 'P5', 'D'),
('220', 'S18', 'S'),
('220', 'S7', 'S'),
('220', 'P15', 'B'),
('221', 'P4', 'D'),
('221', 'S9', 'S'),
('221', 'S7', 'S'),
('221', 'P17', 'B'),
('222', 'P1', 'D'),
('222', 'S9', 'S'),
('222', 'S8', 'S'),
('222', 'P8', 'B'),
('223', 'P15', 'D'),
('223', 'S3', 'S'),
('223', 'S16', 'S'),
('223', 'P6', 'B'),
('224', 'P16', 'D'),
('224', 'S5', 'S'),
('224', 'S2', 'S'),
('224', 'P16', 'B'),
('225', 'P4', 'D'),
('225', 'S18', 'S'),
('225', 'S12', 'S'),
('225', 'P1', 'B'),
('226', 'P11', 'D'),
('226', 'S13', 'S'),
('226', 'S5', 'S'),
('226', 'P1', 'B'),
('227', 'P7', 'D'),
('227', 'S12', 'S'),
('227', 'S9', 'S'),
('227', 'P19', 'B'),
('228', 'P18', 'D'),
('228', 'S3', 'S'),
('228', 'P14', 'B'),
('229', 'P2', 'D'),
('229', 'S18', 'S'),
('229', 'S1', 'S'),
('229', 'P17', 'B'),
('230', 'P1', 'D'),
('230', 'S2', 'S'),
('230', 'P7', 'B'),
('231', 'P5', 'D'),
('231', 'S16', 'S'),
('231', 'S5', 'S'),
('231', 'P4', 'B'),
('232', 'P14', 'D'),
('232', 'S16', 'S'),
('232', 'S10', 'S'),
('232', 'P19', 'B'),
('233', 'P9', 'D'),
('233', 'S5', 'S'),
('233', 'S10', 'S'),
('233', 'P15', 'B'),
('234', 'P11', 'D'),
('234', 'S12', 'S'),
('234', 'S6', 'S'),
('234', 'P3', 'B'),
('235', 'P13', 'D'),
('235', 'S7', 'S'),
('235', 'S2', 'S'),
('235', 'P5', 'B'),
('236', 'P16', 'D'),
('236', 'S16', 'S'),
('236', 'S12', 'S'),
('236', 'P10', 'B'),
('237', 'P8', 'D'),
('237', 'S11', 'S'),
('237', 'S18', 'S'),
('237', 'P3', 'B'),
('238', 'P12', 'D'),
('238', 'S4', 'S'),
('238', 'P19', 'B'),
('239', 'P18', 'D'),
('239', 'S18', 'S'),
('239', 'S19', 'S'),
('239', 'P16', 'B'),
('240', 'P16', 'D'),
('240', 'S16', 'S'),
('240', 'S12', 'S'),
('240', 'P3', 'B'),
('241', 'P12', 'D'),
('241', 'S4', 'S'),
('241', 'S6', 'S'),
('241', 'P15', 'B'),
('242', 'P16', 'D'),
('242', 'S19', 'S'),
('242', 'S19', 'S'),
('242', 'P9', 'B'),
('243', 'P8', 'D'),
('243', 'S2', 'S'),
('243', 'S14', 'S'),
('243', 'P17', 'B'),
('244', 'P17', 'D'),
('244', 'S3', 'S'),
('244', 'P16', 'B'),
('245', 'P9', 'D'),
('245', 'S5', 'S'),
('245', 'S1', 'S'),
('245', 'P15', 'B'),
('246', 'P13', 'D'),
('246', 'S17', 'S'),
('246', 'S17', 'S'),
('246', 'P1', 'B'),
('247', 'P8', 'D'),
('247', 'S17', 'S'),
('247', 'S10', 'S'),
('247', 'P5', 'B'),
('248', 'P2', 'D'),
('248', 'S6', 'S'),
('248', 'S1', 'S'),
('248', 'P8', 'B'),
('249', 'P12', 'D'),
('249', 'S4', 'S'),
('249', 'S14', 'S'),
('249', 'P18', 'B'),
('250', 'P19', 'D'),
('250', 'S4', 'S'),
('250', 'S14', 'S'),
('250', 'P7', 'B'),
('251', 'P10', 'D'),
('251', 'S15', 'S'),
('251', 'S11', 'S'),
('251', 'P11', 'B'),
('252', 'P18', 'D'),
('252', 'S14', 'S'),
('252', 'S8', 'S'),
('252', 'P19', 'B'),
('253', 'P19', 'D'),
('253', 'S5', 'S'),
('253', 'S17', 'S'),
('253', 'P13', 'B'),
('254', 'P19', 'D'),
('254', 'S13', 'S'),
('254', 'S12', 'S'),
('254', 'P5', 'B'),
('255', 'P17', 'D'),
('255', 'S8', 'S'),
('255', 'S17', 'S'),
('255', 'P15', 'B'),
('256', 'P3', 'D'),
('256', 'S5', 'S'),
('256', 'S6', 'S'),
('256', 'P9', 'B'),
('257', 'P2', 'D'),
('257', 'S17', 'S'),
('257', 'S8', 'S'),
('257', 'P12', 'B'),
('258', 'P5', 'D'),
('258', 'S19', 'S'),
('258', 'S14', 'S'),
('258', 'P13', 'B'),
('259', 'P19', 'D'),
('259', 'S7', 'S'),
('259', 'S14', 'S'),
('259', 'P3', 'B'),
('260', 'P16', 'D'),
('260', 'P15', 'D'),
('260', 'S12', 'S'),
('260', 'S6', 'S'),
('260', 'P14', 'B'),
('261', 'P10', 'D'),
('261', 'S8', 'S'),
('261', 'S1', 'S'),
('261', 'P3', 'B'),
('262', 'P7', 'D'),
('262', 'S8', 'S'),
('262', 'S14', 'S'),
('262', 'P11', 'B'),
('263', 'P7', 'D'),
('263', 'S12', 'S'),
('263', 'S14', 'S'),
('263', 'P3', 'B'),
('264', 'P14', 'D'),
('264', 'S9', 'S'),
('264', 'S3', 'S'),
('264', 'P11', 'B'),
('265', 'P8', 'D'),
('265', 'P5', 'D'),
('265', 'S11', 'S'),
('265', 'S8', 'S'),
('265', 'P9', 'B'),
('266', 'P18', 'D'),
('266', 'S17', 'S'),
('266', 'S1', 'S'),
('266', 'P3', 'B'),
('267', 'P8', 'D'),
('267', 'P7', 'D'),
('267', 'S9', 'S'),
('267', 'S1', 'S'),
('267', 'P10', 'B'),
('268', 'P6', 'D'),
('268', 'S12', 'S'),
('268', 'S12', 'S'),
('268', 'P4', 'B'),
('269', 'P2', 'D'),
('269', 'S16', 'S'),
('269', 'S4', 'S'),
('269', 'P15', 'B'),
('270', 'P14', 'D'),
('270', 'S9', 'S'),
('270', 'S1', 'S'),
('270', 'P9', 'B'),
('271', 'P8', 'D'),
('271', 'S16', 'S'),
('271', 'S12', 'S'),
('271', 'P4', 'B'),
('272', 'P1', 'D'),
('272', 'S4', 'S'),
('272', 'S15', 'S'),
('272', 'P13', 'B'),
('273', 'P18', 'D'),
('273', 'S15', 'S'),
('273', 'S6', 'S'),
('273', 'P1', 'B'),
('274', 'P19', 'D'),
('274', 'S2', 'S'),
('274', 'S8', 'S'),
('274', 'P19', 'B'),
('275', 'P10', 'D'),
('275', 'S15', 'S'),
('275', 'S2', 'S'),
('275', 'P18', 'B'),
('276', 'P6', 'D'),
('276', 'S14', 'S'),
('276', 'S5', 'S'),
('276', 'P9', 'B'),
('277', 'P2', 'D'),
('277', 'S15', 'S'),
('277', 'P8', 'B'),
('278', 'P5', 'D'),
('278', 'S10', 'S'),
('278', 'S14', 'S'),
('278', 'P16', 'B'),
('279', 'P1', 'D'),
('279', 'S3', 'S'),
('279', 'S10', 'S'),
('279', 'P5', 'B'),
('280', 'P13', 'D'),
('280', 'S14', 'S'),
('280', 'S4', 'S'),
('280', 'P14', 'B'),
('281', 'P3', 'D'),
('281', 'S1', 'S'),
('281', 'S4', 'S'),
('281', 'P15', 'B'),
('282', 'P11', 'D'),
('282', 'P13', 'D'),
('282', 'S6', 'S'),
('282', 'S15', 'S'),
('282', 'P16', 'B'),
('283', 'P12', 'D'),
('283', 'S10', 'S'),
('283', 'S9', 'S'),
('283', 'P16', 'B'),
('284', 'P17', 'D'),
('284', 'S5', 'S'),
('284', 'S15', 'S'),
('284', 'P14', 'B'),
('285', 'P11', 'D'),
('285', 'S6', 'S'),
('285', 'S19', 'S'),
('285', 'P3', 'B'),
('286', 'P6', 'D'),
('286', 'S15', 'S'),
('286', 'S6', 'S'),
('286', 'P19', 'B'),
('287', 'P9', 'D'),
('287', 'S18', 'S'),
('287', 'S3', 'S'),
('287', 'P14', 'B'),
('288', 'P7', 'D'),
('288', 'S9', 'S'),
('288', 'S19', 'S'),
('288', 'P13', 'B'),
('289', 'P5', 'D'),
('289', 'S3', 'S'),
('289', 'S14', 'S'),
('289', 'P5', 'B'),
('290', 'P11', 'D'),
('290', 'S4', 'S'),
('290', 'S16', 'S'),
('290', 'P1', 'B'),
('291', 'P10', 'D'),
('291', 'S15', 'S'),
('291', 'S4', 'S'),
('291', 'P17', 'B'),
('292', 'P1', 'D'),
('292', 'S11', 'S'),
('292', 'S2', 'S'),
('292', 'P8', 'B'),
('293', 'P10', 'D'),
('293', 'S5', 'S'),
('293', 'S17', 'S'),
('293', 'P7', 'B'),
('294', 'P19', 'D'),
('294', 'S16', 'S'),
('294', 'P12', 'B'),
('295', 'P16', 'D'),
('295', 'P1', 'D'),
('295', 'S7', 'S'),
('295', 'S15', 'S'),
('295', 'P9', 'B'),
('296', 'P16', 'D'),
('296', 'S3', 'S'),
('296', 'S9', 'S'),
('296', 'P12', 'B'),
('297', 'P5', 'D'),
('297', 'S4', 'S'),
('297', 'S15', 'S'),
('297', 'P2', 'B'),
('298', 'P3', 'D'),
('298', 'S5', 'S'),
('298', 'S5', 'S'),
('298', 'P4', 'B'),
('299', 'P19', 'D'),
('299', 'S11', 'S'),
('299', 'S1', 'S'),
('299', 'P7', 'B'),
('300', 'P14', 'D'),
('300', 'S4', 'S'),
('300', 'S10', 'S'),
('300', 'P7', 'B'),
('301', 'P17', 'D'),
('301', 'S8', 'S'),
('301', 'S5', 'S'),
('301', 'P18', 'B'),
('302', 'P14', 'D'),
('302', 'S11', 'S'),
('302', 'P2', 'B'),
('303', 'P17', 'D'),
('303', 'S3', 'S'),
('303', 'S7', 'S'),
('303', 'P1', 'B'),
('304', 'P17', 'D'),
('304', 'S5', 'S'),
('304', 'S4', 'S'),
('304', 'P2', 'B'),
('305', 'P3', 'D'),
('305', 'S5', 'S'),
('305', 'S13', 'S'),
('305', 'P15', 'B'),
('306', 'P7', 'D'),
('306', 'S2', 'S'),
('306', 'P8', 'B'),
('307', 'P7', 'D'),
('307', 'S11', 'S'),
('307', 'S11', 'S'),
('307', 'P7', 'B'),
('308', 'P19', 'D'),
('308', 'S7', 'S'),
('308', 'P1', 'B'),
('309', 'P15', 'D'),
('309', 'S16', 'S'),
('309', 'S13', 'S'),
('309', 'P19', 'B'),
('310', 'P2', 'D'),
('310', 'S10', 'S'),
('310', 'S19', 'S'),
('310', 'P8', 'B'),
('311', 'P12', 'D'),
('311', 'S13', 'S'),
('311', 'S15', 'S'),
('311', 'P10', 'B'),
('312', 'P2', 'D'),
('312', 'S4', 'S'),
('312', 'S1', 'S'),
('312', 'P6', 'B'),
('313', 'P6', 'D'),
('313', 'S13', 'S'),
('313', 'S4', 'S'),
('313', 'P7', 'B'),
('314', 'P12', 'D'),
('314', 'S4', 'S'),
('314', 'S14', 'S'),
('314', 'P11', 'B'),
('315', 'P15', 'D'),
('315', 'S1', 'S'),
('315', 'S6', 'S'),
('315', 'P10', 'B'),
('316', 'P18', 'D'),
('316', 'S14', 'S'),
('316', 'S12', 'S'),
('316', 'P19', 'B'),
('317', 'P5', 'D'),
('317', 'S17', 'S'),
('317', 'S15', 'S'),
('317', 'P2', 'B'),
('318', 'P13', 'D'),
('318', 'S18', 'S'),
('318', 'S11', 'S'),
('318', 'P2', 'B'),
('319', 'P16', 'D'),
('319', 'S3', 'S'),
('319', 'S14', 'S'),
('319', 'P9', 'B'),
('320', 'P18', 'D'),
('320', 'S17', 'S'),
('320', 'S8', 'S'),
('320', 'P19', 'B'),
('321', 'P4', 'D'),
('321', 'S11', 'S'),
('321', 'S10', 'S'),
('321', 'P15', 'B'),
('322', 'P10', 'D'),
('322', 'P4', 'D'),
('322', 'S9', 'S'),
('322', 'S12', 'S'),
('322', 'P8', 'B'),
('323', 'P11', 'D'),
('323', 'S9', 'S'),
('323', 'S17', 'S'),
('323', 'P6', 'B'),
('324', 'P6', 'D'),
('324', 'S12', 'S'),
('324', 'S15', 'S'),
('324', 'P17', 'B'),
('325', 'P18', 'D'),
('325', 'S3', 'S'),
('325', 'S1', 'S'),
('325', 'P3', 'B'),
('326', 'P10', 'D'),
('326', 'S15', 'S'),
('326', 'S10', 'S'),
('326', 'P3', 'B'),
('327', 'P5', 'D'),
('327', 'S17', 'S'),
('327', 'S18', 'S'),
('327', 'P18', 'B'),
('328', 'P8', 'D'),
('328', 'S18', 'S'),
('328', 'S16', 'S'),
('328', 'P18', 'B'),
('329', 'P13', 'D'),
('329', 'S7', 'S'),
('329', 'S2', 'S'),
('329', 'P2', 'B'),
('330', 'P2', 'D'),
('330', 'S5', 'S'),
('330', 'S18', 'S'),
('330', 'P1', 'B'),
('331', 'P5', 'D'),
('331', 'S10', 'S'),
('331', 'S9', 'S'),
('331', 'P8', 'B'),
('332', 'P11', 'D'),
('332', 'S15', 'S'),
('332', 'S6', 'S'),
('332', 'P18', 'B'),
('333', 'P17', 'D'),
('333', 'S12', 'S'),
('333', 'S12', 'S'),
('333', 'P7', 'B'),
('334', 'P17', 'D'),
('334', 'S15', 'S'),
('334', 'S17', 'S'),
('334', 'P7', 'B'),
('335', 'P17', 'D'),
('335', 'S10', 'S'),
('335', 'S10', 'S'),
('335', 'P5', 'B'),
('336', 'P10', 'D'),
('336', 'P17', 'D'),
('336', 'S17', 'S'),
('336', 'S18', 'S'),
('336', 'P8', 'B'),
('337', 'P10', 'D'),
('337', 'S17', 'S'),
('337', 'S12', 'S'),
('337', 'P14', 'B'),
('338', 'P6', 'D'),
('338', 'S14', 'S'),
('338', 'S11', 'S'),
('338', 'P11', 'B'),
('339', 'P14', 'D'),
('339', 'S18', 'S'),
('339', 'S6', 'S'),
('339', 'P3', 'B'),
('340', 'P19', 'D'),
('340', 'S13', 'S'),
('340', 'S12', 'S'),
('340', 'P10', 'B'),
('341', 'P3', 'D'),
('341', 'S7', 'S'),
('341', 'S8', 'S'),
('341', 'P2', 'B'),
('342', 'P8', 'D'),
('342', 'S14', 'S'),
('342', 'S2', 'S'),
('342', 'P17', 'B'),
('343', 'P2', 'D'),
('343', 'S5', 'S'),
('343', 'S7', 'S'),
('343', 'P14', 'B'),
('344', 'P15', 'D'),
('344', 'S5', 'S'),
('344', 'S17', 'S'),
('344', 'P13', 'B'),
('345', 'P18', 'D'),
('345', 'S3', 'S'),
('345', 'S15', 'S'),
('345', 'P3', 'B'),
('346', 'P6', 'D'),
('346', 'S15', 'S'),
('346', 'P17', 'B'),
('347', 'P19', 'D'),
('347', 'S8', 'S'),
('347', 'S8', 'S'),
('347', 'P4', 'B'),
('348', 'P6', 'D'),
('348', 'S19', 'S'),
('348', 'S15', 'S'),
('348', 'P18', 'B'),
('349', 'P7', 'D'),
('349', 'S5', 'S'),
('349', 'S9', 'S'),
('349', 'P18', 'B'),
('350', 'P1', 'D'),
('350', 'S17', 'S'),
('350', 'S6', 'S'),
('350', 'P7', 'B'),
('351', 'P19', 'D'),
('351', 'S16', 'S'),
('351', 'P12', 'B'),
('352', 'P15', 'D'),
('352', 'S17', 'S'),
('352', 'S10', 'S'),
('352', 'P10', 'B'),
('353', 'P13', 'D'),
('353', 'S18', 'S'),
('353', 'S3', 'S'),
('353', 'P13', 'B'),
('354', 'P13', 'D'),
('354', 'S10', 'S'),
('354', 'S14', 'S'),
('354', 'P16', 'B'),
('355', 'P7', 'D'),
('355', 'S19', 'S'),
('355', 'S11', 'S'),
('355', 'P13', 'B'),
('356', 'P1', 'D'),
('356', 'S3', 'S'),
('356', 'S4', 'S'),
('356', 'P2', 'B'),
('357', 'P15', 'D'),
('357', 'S9', 'S'),
('357', 'S12', 'S'),
('357', 'P5', 'B'),
('358', 'P2', 'D'),
('358', 'S5', 'S'),
('358', 'S3', 'S'),
('358', 'P19', 'B'),
('359', 'P18', 'D'),
('359', 'S13', 'S'),
('359', 'S11', 'S'),
('359', 'P8', 'B'),
('360', 'P19', 'D'),
('360', 'S8', 'S'),
('360', 'S10', 'S'),
('360', 'P13', 'B'),
('361', 'P11', 'D'),
('361', 'S3', 'S'),
('361', 'S9', 'S'),
('361', 'P13', 'B'),
('362', 'P15', 'D'),
('362', 'S13', 'S'),
('362', 'S11', 'S'),
('362', 'P19', 'B'),
('363', 'P6', 'D'),
('363', 'S1', 'S'),
('363', 'S5', 'S'),
('363', 'P6', 'B'),
('364', 'P3', 'D'),
('364', 'S11', 'S'),
('364', 'S4', 'S'),
('364', 'P13', 'B'),
('365', 'P14', 'D'),
('365', 'S3', 'S'),
('365', 'S13', 'S'),
('365', 'P8', 'B'),
('366', 'P5', 'D'),
('366', 'S5', 'S'),
('366', 'S3', 'S'),
('366', 'P16', 'B'),
('367', 'P10', 'D'),
('367', 'S9', 'S'),
('367', 'S11', 'S'),
('367', 'P19', 'B'),
('368', 'P5', 'D'),
('368', 'S13', 'S'),
('368', 'S5', 'S'),
('368', 'P16', 'B'),
('369', 'P13', 'D'),
('369', 'S7', 'S'),
('369', 'S15', 'S'),
('369', 'P5', 'B'),
('370', 'P13', 'D'),
('370', 'S10', 'S'),
('370', 'S4', 'S'),
('370', 'P3', 'B'),
('371', 'P12', 'D'),
('371', 'S6', 'S'),
('371', 'S7', 'S'),
('371', 'P19', 'B'),
('372', 'P2', 'D'),
('372', 'S1', 'S'),
('372', 'S17', 'S'),
('372', 'P4', 'B'),
('373', 'P2', 'D'),
('373', 'S4', 'S'),
('373', 'S9', 'S'),
('373', 'P6', 'B'),
('374', 'P4', 'D'),
('374', 'S3', 'S'),
('374', 'S10', 'S'),
('374', 'P11', 'B'),
('375', 'P8', 'D'),
('375', 'S4', 'S'),
('375', 'S18', 'S'),
('375', 'P4', 'B'),
('376', 'P1', 'D'),
('376', 'S7', 'S'),
('376', 'S6', 'S'),
('376', 'P19', 'B'),
('377', 'P1', 'D'),
('377', 'S4', 'S'),
('377', 'S14', 'S'),
('377', 'P16', 'B'),
('378', 'P11', 'D'),
('378', 'S4', 'S'),
('378', 'S1', 'S'),
('378', 'P12', 'B'),
('379', 'P17', 'D'),
('379', 'S2', 'S'),
('379', 'S4', 'S'),
('379', 'P6', 'B'),
('380', 'P7', 'D'),
('380', 'S15', 'S'),
('380', 'S17', 'S'),
('380', 'P1', 'B'),
('381', 'P6', 'D'),
('381', 'S16', 'S'),
('381', 'S18', 'S'),
('381', 'P5', 'B'),
('382', 'P12', 'D'),
('382', 'S6', 'S'),
('382', 'S12', 'S'),
('382', 'P18', 'B'),
('383', 'P18', 'D'),
('383', 'S11', 'S'),
('383', 'S2', 'S'),
('383', 'P12', 'B'),
('384', 'P16', 'D'),
('384', 'S12', 'S'),
('384', 'S16', 'S'),
('384', 'P18', 'B'),
('385', 'P5', 'D'),
('385', 'S2', 'S'),
('385', 'S5', 'S'),
('385', 'P9', 'B'),
('386', 'P19', 'D'),
('386', 'S9', 'S'),
('386', 'S15', 'S'),
('386', 'P19', 'B'),
('387', 'P1', 'D'),
('387', 'S7', 'S'),
('387', 'S1', 'S'),
('387', 'P13', 'B'),
('388', 'P2', 'D'),
('388', 'S14', 'S'),
('388', 'S15', 'S'),
('388', 'P10', 'B'),
('389', 'P12', 'D'),
('389', 'S3', 'S'),
('389', 'S3', 'S'),
('389', 'P19', 'B'),
('390', 'P18', 'D'),
('390', 'S9', 'S'),
('390', 'S14', 'S'),
('390', 'P19', 'B'),
('391', 'P16', 'D'),
('391', 'S13', 'S'),
('391', 'S7', 'S'),
('391', 'P15', 'B'),
('392', 'P16', 'D'),
('392', 'S13', 'S'),
('392', 'S15', 'S'),
('392', 'P7', 'B'),
('393', 'P14', 'D'),
('393', 'S18', 'S'),
('393', 'S19', 'S'),
('393', 'P5', 'B'),
('394', 'P14', 'D'),
('394', 'S8', 'S'),
('394', 'S15', 'S'),
('394', 'P5', 'B'),
('395', 'P19', 'D'),
('395', 'S7', 'S'),
('395', 'S1', 'S'),
('395', 'P13', 'B'),
('396', 'P18', 'D'),
('396', 'S14', 'S'),
('396', 'S10', 'S'),
('396', 'P11', 'B'),
('397', 'P18', 'D'),
('397', 'S13', 'S'),
('397', 'S1', 'S'),
('397', 'P15', 'B'),
('398', 'P17', 'D'),
('398', 'S3', 'S'),
('398', 'S17', 'S'),
('398', 'P15', 'B'),
('399', 'P7', 'D'),
('399', 'S5', 'S'),
('399', 'S4', 'S'),
('399', 'P17', 'B'),
('400', 'P10', 'D'),
('400', 'S2', 'S'),
('400', 'S8', 'S'),
('400', 'P6', 'B'),
('401', 'P9', 'D'),
('401', 'S7', 'S'),
('401', 'S13', 'S'),
('401', 'P17', 'B'),
('402', 'P19', 'D'),
('402', 'S7', 'S'),
('402', 'S13', 'S'),
('402', 'P16', 'B'),
('403', 'P3', 'D'),
('403', 'S7', 'S'),
('403', 'S13', 'S'),
('403', 'P8', 'B'),
('404', 'P10', 'D'),
('404', 'S15', 'S'),
('404', 'S1', 'S'),
('404', 'P19', 'B'),
('405', 'P1', 'D'),
('405', 'S4', 'S'),
('405', 'S1', 'S'),
('405', 'P3', 'B'),
('406', 'P14', 'D'),
('406', 'S6', 'S'),
('406', 'S10', 'S'),
('406', 'P12', 'B'),
('407', 'P6', 'D'),
('407', 'S7', 'S'),
('407', 'S17', 'S'),
('407', 'P19', 'B'),
('408', 'P12', 'D'),
('408', 'S17', 'S'),
('408', 'S6', 'S'),
('408', 'P16', 'B'),
('409', 'P6', 'D'),
('409', 'S3', 'S'),
('409', 'S4', 'S'),
('409', 'P16', 'B'),
('410', 'P18', 'D'),
('410', 'S7', 'S'),
('410', 'S5', 'S'),
('410', 'P6', 'B'),
('411', 'P10', 'D'),
('411', 'S15', 'S'),
('411', 'S13', 'S'),
('411', 'P10', 'B'),
('412', 'P7', 'D'),
('412', 'S13', 'S'),
('412', 'S5', 'S'),
('412', 'P3', 'B'),
('413', 'P1', 'D'),
('413', 'S13', 'S'),
('413', 'S14', 'S'),
('413', 'P5', 'B'),
('414', 'P14', 'D'),
('414', 'S11', 'S'),
('414', 'S5', 'S'),
('414', 'P9', 'B'),
('415', 'P1', 'D'),
('415', 'S7', 'S'),
('415', 'S15', 'S'),
('415', 'P19', 'B'),
('416', 'P16', 'D'),
('416', 'S2', 'S'),
('416', 'S19', 'S'),
('416', 'P3', 'B'),
('417', 'P11', 'D'),
('417', 'P12', 'D'),
('417', 'S7', 'S'),
('417', 'P7', 'B'),
('418', 'P12', 'D'),
('418', 'S10', 'S'),
('418', 'S19', 'S'),
('418', 'P3', 'B'),
('419', 'P19', 'D'),
('419', 'S5', 'S'),
('419', 'S13', 'S'),
('419', 'P14', 'B'),
('420', 'P4', 'D'),
('420', 'S16', 'S'),
('420', 'S11', 'S'),
('420', 'P16', 'B'),
('421', 'P10', 'D'),
('421', 'S2', 'S'),
('421', 'S5', 'S'),
('421', 'P18', 'B'),
('422', 'P17', 'D'),
('422', 'S9', 'S'),
('422', 'P12', 'B'),
('423', 'P1', 'D'),
('423', 'S14', 'S'),
('423', 'S16', 'S'),
('423', 'P7', 'B'),
('424', 'P7', 'D'),
('424', 'S10', 'S'),
('424', 'S8', 'S'),
('424', 'P15', 'B'),
('425', 'P12', 'D'),
('425', 'S2', 'S'),
('425', 'S3', 'S'),
('425', 'P4', 'B'),
('426', 'P15', 'D'),
('426', 'S15', 'S'),
('426', 'S3', 'S'),
('426', 'P1', 'B'),
('427', 'P6', 'D'),
('427', 'S2', 'S'),
('427', 'S12', 'S'),
('427', 'P8', 'B'),
('428', 'P10', 'D'),
('428', 'S19', 'S'),
('428', 'S6', 'S'),
('428', 'P11', 'B'),
('429', 'P5', 'D'),
('429', 'S15', 'S'),
('429', 'S17', 'S'),
('429', 'P13', 'B'),
('430', 'P14', 'D'),
('430', 'S13', 'S'),
('430', 'S19', 'S'),
('430', 'P4', 'B'),
('431', 'P9', 'D'),
('431', 'S10', 'S'),
('431', 'S9', 'S'),
('431', 'P2', 'B'),
('432', 'P2', 'D'),
('432', 'S11', 'S'),
('432', 'S3', 'S'),
('432', 'P11', 'B'),
('433', 'P8', 'D'),
('433', 'S10', 'S'),
('433', 'S12', 'S'),
('433', 'P19', 'B'),
('434', 'P17', 'D'),
('434', 'S14', 'S'),
('434', 'S14', 'S'),
('434', 'P1', 'B'),
('435', 'P10', 'D'),
('435', 'S15', 'S'),
('435', 'S19', 'S'),
('435', 'P3', 'B'),
('436', 'P4', 'D'),
('436', 'S13', 'S'),
('436', 'S1', 'S'),
('436', 'P14', 'B'),
('437', 'P13', 'D'),
('437', 'S3', 'S'),
('437', 'S3', 'S'),
('437', 'P10', 'B'),
('438', 'P18', 'D'),
('438', 'S11', 'S'),
('438', 'S3', 'S'),
('438', 'P4', 'B'),
('439', 'P1', 'D'),
('439', 'S15', 'S'),
('439', 'S17', 'S'),
('439', 'P1', 'B'),
('440', 'P2', 'D'),
('440', 'S4', 'S'),
('440', 'S12', 'S'),
('440', 'P15', 'B'),
('441', 'P4', 'D'),
('441', 'S2', 'S'),
('441', 'S18', 'S'),
('441', 'P13', 'B'),
('442', 'P6', 'D'),
('442', 'S16', 'S'),
('442', 'P17', 'B'),
('443', 'P14', 'D'),
('443', 'S16', 'S'),
('443', 'S8', 'S'),
('443', 'P13', 'B'),
('444', 'P10', 'D'),
('444', 'S5', 'S'),
('444', 'S4', 'S'),
('444', 'P7', 'B'),
('445', 'P19', 'D'),
('445', 'S2', 'S'),
('445', 'S13', 'S'),
('445', 'P17', 'B'),
('446', 'P16', 'D'),
('446', 'S16', 'S'),
('446', 'S9', 'S'),
('446', 'P1', 'B'),
('447', 'P4', 'D'),
('447', 'S17', 'S'),
('447', 'S1', 'S'),
('447', 'P18', 'B'),
('448', 'P16', 'D'),
('448', 'S1', 'S'),
('448', 'P9', 'B'),
('449', 'P17', 'D'),
('449', 'S6', 'S'),
('449', 'S12', 'S'),
('449', 'P5', 'B'),
('450', 'P19', 'D'),
('450', 'S3', 'S'),
('450', 'S11', 'S'),
('450', 'P16', 'B'),
('451', 'P19', 'D'),
('451', 'S15', 'S'),
('451', 'P3', 'B'),
('452', 'P9', 'D'),
('452', 'S9', 'S'),
('452', 'P5', 'B'),
('453', 'P13', 'D'),
('453', 'S16', 'S'),
('453', 'S1', 'S'),
('453', 'P9', 'B'),
('454', 'P13', 'D'),
('454', 'S2', 'S'),
('454', 'S14', 'S'),
('454', 'P3', 'B'),
('455', 'P11', 'D'),
('455', 'S13', 'S'),
('455', 'S2', 'S'),
('455', 'P9', 'B'),
('456', 'P1', 'D'),
('456', 'S13', 'S'),
('456', 'S9', 'S'),
('456', 'P12', 'B'),
('457', 'P17', 'D'),
('457', 'S9', 'S'),
('457', 'S5', 'S'),
('457', 'P18', 'B'),
('458', 'P8', 'D'),
('458', 'S10', 'S'),
('458', 'S7', 'S'),
('458', 'P8', 'B'),
('459', 'P15', 'D'),
('459', 'S17', 'S'),
('459', 'S3', 'S'),
('459', 'P17', 'B'),
('460', 'P5', 'D'),
('460', 'S18', 'S'),
('460', 'S3', 'S'),
('460', 'P6', 'B'),
('461', 'P17', 'D'),
('461', 'S16', 'S'),
('461', 'S15', 'S'),
('461', 'P3', 'B'),
('462', 'P10', 'D'),
('462', 'S9', 'S'),
('462', 'P7', 'B'),
('463', 'P19', 'D'),
('463', 'S16', 'S'),
('463', 'S6', 'S'),
('463', 'P14', 'B'),
('464', 'P16', 'D'),
('464', 'S11', 'S'),
('464', 'S1', 'S'),
('464', 'P9', 'B'),
('465', 'P14', 'D'),
('465', 'S8', 'S'),
('465', 'S16', 'S'),
('465', 'P12', 'B'),
('466', 'P3', 'D'),
('466', 'S13', 'S'),
('466', 'S13', 'S'),
('466', 'P7', 'B'),
('467', 'P13', 'D'),
('467', 'S19', 'S'),
('467', 'S10', 'S'),
('467', 'P5', 'B'),
('468', 'P3', 'D'),
('468', 'S6', 'S'),
('468', 'S13', 'S'),
('468', 'P9', 'B'),
('469', 'P7', 'D'),
('469', 'S11', 'S'),
('469', 'P13', 'B'),
('470', 'P16', 'D'),
('470', 'S6', 'S'),
('470', 'S9', 'S'),
('470', 'P14', 'B'),
('471', 'P9', 'D'),
('471', 'S19', 'S'),
('471', 'S10', 'S'),
('471', 'P10', 'B'),
('472', 'P17', 'D'),
('472', 'S2', 'S'),
('472', 'S12', 'S'),
('472', 'P11', 'B'),
('473', 'P9', 'D'),
('473', 'S15', 'S'),
('473', 'S16', 'S'),
('473', 'P18', 'B'),
('474', 'P1', 'D'),
('474', 'S2', 'S'),
('474', 'S10', 'S'),
('474', 'P1', 'B'),
('475', 'P19', 'D'),
('475', 'S8', 'S'),
('475', 'S14', 'S'),
('475', 'P8', 'B'),
('476', 'P17', 'D'),
('476', 'S18', 'S'),
('476', 'S3', 'S'),
('476', 'P10', 'B'),
('477', 'P3', 'D'),
('477', 'S13', 'S'),
('477', 'S15', 'S'),
('477', 'P12', 'B'),
('478', 'P15', 'D'),
('478', 'S3', 'S'),
('478', 'S2', 'S'),
('478', 'P16', 'B'),
('479', 'P2', 'D'),
('479', 'S5', 'S'),
('479', 'S7', 'S'),
('479', 'P17', 'B'),
('480', 'P2', 'D'),
('480', 'S10', 'S'),
('480', 'P13', 'B'),
('481', 'P3', 'D'),
('481', 'S9', 'S'),
('481', 'S11', 'S'),
('481', 'P7', 'B'),
('482', 'P15', 'D'),
('482', 'S13', 'S'),
('482', 'S2', 'S'),
('482', 'P13', 'B'),
('483', 'P19', 'D'),
('483', 'S12', 'S'),
('483', 'S18', 'S'),
('483', 'P7', 'B'),
('484', 'P19', 'D'),
('484', 'S19', 'S'),
('484', 'S12', 'S'),
('484', 'P15', 'B'),
('485', 'P8', 'D'),
('485', 'S10', 'S'),
('485', 'P14', 'B'),
('486', 'P4', 'D'),
('486', 'S11', 'S'),
('486', 'S12', 'S'),
('486', 'P4', 'B'),
('487', 'P17', 'D'),
('487', 'S10', 'S'),
('487', 'P13', 'B'),
('488', 'P3', 'D'),
('488', 'S3', 'S'),
('488', 'S7', 'S'),
('488', 'P9', 'B'),
('489', 'P1', 'D'),
('489', 'S10', 'S'),
('489', 'S18', 'S'),
('489', 'P1', 'B'),
('490', 'P7', 'D'),
('490', 'S10', 'S'),
('490', 'S8', 'S'),
('490', 'P7', 'B'),
('491', 'P11', 'D'),
('491', 'S6', 'S'),
('491', 'S19', 'S'),
('491', 'P8', 'B'),
('492', 'P14', 'D'),
('492', 'S10', 'S'),
('492', 'S12', 'S'),
('492', 'P5', 'B'),
('493', 'P1', 'D'),
('493', 'S12', 'S'),
('493', 'S3', 'S'),
('493', 'P10', 'B'),
('494', 'P6', 'D'),
('494', 'S14', 'S'),
('494', 'S6', 'S'),
('494', 'P12', 'B'),
('495', 'P5', 'D'),
('495', 'S1', 'S'),
('495', 'S1', 'S'),
('495', 'P4', 'B'),
('496', 'P1', 'D'),
('496', 'S2', 'S'),
('496', 'S1', 'S'),
('496', 'P4', 'B'),
('497', 'P9', 'D'),
('497', 'S17', 'S'),
('497', 'S12', 'S'),
('497', 'P15', 'B'),
('498', 'P13', 'D'),
('498', 'P11', 'D'),
('498', 'S6', 'S'),
('498', 'S6', 'S'),
('498', 'P16', 'B'),
('499', 'P15', 'D'),
('499', 'S19', 'S'),
('499', 'S18', 'S'),
('499', 'P6', 'B');

-- --------------------------------------------------------

--
-- Table structure for table `BSD`
--

CREATE TABLE IF NOT EXISTS `BSD` (
  `CNSGN_NUMBER` int(3) DEFAULT NULL,
  `EMP_ID` varchar(3) DEFAULT NULL,
  `BOOKING` tinyint(1) DEFAULT NULL,
  `SORTING` int(1) DEFAULT NULL,
  `DELIVERING` int(1) DEFAULT NULL
) ENGINE=InnoDB DEFAULT CHARSET=utf8;

--
-- Dumping data for table `BSD`
--

INSERT INTO `BSD` (`CNSGN_NUMBER`, `EMP_ID`, `BOOKING`, `SORTING`, `DELIVERING`) VALUES
(0, 'P2', 1, 0, 0),
(0, 'S5', 0, 1, 0),
(0, 'S16', 0, 0, 1),
(1, 'P2', 1, 0, 0),
(1, 'S1', 0, 1, 0),
(1, 'S15', 0, 1, 0),
(1, 'S2', 0, 0, 1),
(2, 'P7', 1, 0, 0),
(2, 'S18', 0, 1, 0),
(2, 'S13', 0, 0, 1),
(3, 'P3', 1, 0, 0),
(3, 'S9', 0, 1, 0),
(3, 'S9', 0, 1, 0),
(3, 'S16', 0, 0, 1),
(4, 'P14', 1, 0, 0),
(4, 'S17', 0, 1, 0),
(4, 'S17', 0, 1, 0),
(4, 'S18', 0, 0, 1),
(5, 'P18', 1, 0, 0),
(5, 'S8', 0, 1, 0),
(5, 'S6', 0, 1, 0),
(5, 'S7', 0, 0, 1),
(6, 'P14', 1, 0, 0),
(6, 'S18', 0, 1, 0),
(6, 'S11', 0, 1, 0),
(6, 'S19', 0, 0, 1),
(7, 'P3', 1, 0, 0),
(7, 'S5', 0, 1, 0),
(7, 'S2', 0, 1, 0),
(7, 'S1', 0, 0, 1),
(8, 'P6', 1, 0, 0),
(8, 'S19', 0, 1, 0),
(8, 'S4', 0, 1, 0),
(8, 'S10', 0, 0, 1),
(9, 'P6', 1, 0, 0),
(9, 'S7', 0, 1, 0),
(9, 'S2', 0, 1, 0),
(9, 'S6', 0, 0, 1),
(10, 'P14', 1, 0, 0),
(10, 'S10', 0, 1, 0),
(10, 'S12', 0, 1, 0),
(10, 'S5', 0, 0, 1),
(11, 'P2', 1, 0, 0),
(11, 'S4', 0, 1, 0),
(11, 'S7', 0, 1, 0),
(11, 'S17', 0, 0, 1),
(12, 'P10', 1, 0, 0),
(12, 'S4', 0, 1, 0),
(12, 'S10', 0, 1, 0),
(12, 'S3', 0, 0, 1),
(13, 'P14', 1, 0, 0),
(13, 'S14', 0, 1, 0),
(13, 'S7', 0, 1, 0),
(13, 'S17', 0, 0, 1),
(14, 'P12', 1, 0, 0),
(14, 'S9', 0, 1, 0),
(14, 'S17', 0, 0, 1),
(15, 'P13', 1, 0, 0),
(15, 'S18', 0, 1, 0),
(15, 'S9', 0, 1, 0),
(15, 'S8', 0, 0, 1),
(16, 'P8', 1, 0, 0),
(16, 'S13', 0, 1, 0),
(16, 'S18', 0, 1, 0),
(16, 'S8', 0, 0, 1),
(17, 'P7', 1, 0, 0),
(17, 'S13', 0, 1, 0),
(17, 'S8', 0, 1, 0),
(17, 'S1', 0, 0, 1),
(18, 'P8', 1, 0, 0),
(18, 'S7', 0, 1, 0),
(18, 'S4', 0, 1, 0),
(18, 'S13', 0, 0, 1),
(19, 'P16', 1, 0, 0),
(19, 'S12', 0, 1, 0),
(19, 'S16', 0, 1, 0),
(19, 'S18', 0, 0, 1),
(20, 'P8', 1, 0, 0),
(20, 'S15', 0, 1, 0),
(20, 'S13', 0, 1, 0),
(20, 'S3', 0, 0, 1),
(21, 'P10', 1, 0, 0),
(21, 'S3', 0, 1, 0),
(21, 'S18', 0, 1, 0),
(21, 'S18', 0, 0, 1),
(22, 'P15', 1, 0, 0),
(22, 'S3', 0, 1, 0),
(22, 'S6', 0, 1, 0),
(22, 'S15', 0, 0, 1),
(23, 'P4', 1, 0, 0),
(23, 'S9', 0, 1, 0),
(23, 'S18', 0, 1, 0),
(23, 'S9', 0, 0, 1),
(24, 'P17', 1, 0, 0),
(24, 'S19', 0, 1, 0),
(24, 'S7', 0, 1, 0),
(24, 'S17', 0, 0, 1),
(25, 'P8', 1, 0, 0),
(25, 'S10', 0, 1, 0),
(25, 'S10', 0, 1, 0),
(25, 'S6', 0, 0, 1),
(26, 'P6', 1, 0, 0),
(26, 'S4', 0, 1, 0),
(26, 'S19', 0, 1, 0),
(26, 'S9', 0, 0, 1),
(27, 'P2', 1, 0, 0),
(27, 'S9', 0, 1, 0),
(27, 'S5', 0, 1, 0),
(27, 'S14', 0, 0, 1),
(28, 'P6', 1, 0, 0),
(28, 'S2', 0, 1, 0),
(28, 'S11', 0, 1, 0),
(28, 'S12', 0, 0, 1),
(29, 'P14', 1, 0, 0),
(29, 'S18', 0, 1, 0),
(29, 'S6', 0, 1, 0),
(29, 'S11', 0, 0, 1),
(30, 'P12', 1, 0, 0),
(30, 'S13', 0, 1, 0),
(30, 'S12', 0, 1, 0),
(30, 'S18', 0, 0, 1),
(31, 'P19', 1, 0, 0),
(31, 'S10', 0, 1, 0),
(31, 'S3', 0, 1, 0),
(31, 'S13', 0, 0, 1),
(32, 'P5', 1, 0, 0),
(32, 'S15', 0, 1, 0),
(32, 'S18', 0, 1, 0),
(32, 'S7', 0, 0, 1),
(33, 'P17', 1, 0, 0),
(33, 'S4', 0, 1, 0),
(33, 'S2', 0, 0, 1),
(34, 'P10', 1, 0, 0),
(34, 'S9', 0, 1, 0),
(34, 'S16', 0, 1, 0),
(34, 'S16', 0, 0, 1),
(35, 'P1', 1, 0, 0),
(35, 'S7', 0, 1, 0),
(35, 'S15', 0, 0, 1),
(36, 'P16', 1, 0, 0),
(36, 'S17', 0, 1, 0),
(36, 'S18', 0, 1, 0),
(36, 'S3', 0, 0, 1),
(37, 'P14', 1, 0, 0),
(37, 'S8', 0, 1, 0),
(37, 'S6', 0, 1, 0),
(37, 'S12', 0, 0, 1),
(38, 'P8', 1, 0, 0),
(38, 'S19', 0, 1, 0),
(38, 'S15', 0, 0, 1),
(39, 'P5', 1, 0, 0),
(39, 'S13', 0, 1, 0),
(39, 'S2', 0, 1, 0),
(39, 'S12', 0, 0, 1),
(40, 'P2', 1, 0, 0),
(40, 'S10', 0, 1, 0),
(40, 'S13', 0, 1, 0),
(40, 'S16', 0, 0, 1),
(41, 'P3', 1, 0, 0),
(41, 'S6', 0, 1, 0),
(41, 'S14', 0, 1, 0),
(41, 'S19', 0, 0, 1),
(42, 'P2', 1, 0, 0),
(42, 'S8', 0, 1, 0),
(42, 'S5', 0, 1, 0),
(42, 'S1', 0, 0, 1),
(43, 'P14', 1, 0, 0),
(43, 'S12', 0, 1, 0),
(43, 'S19', 0, 1, 0),
(43, 'S17', 0, 0, 1),
(44, 'P17', 1, 0, 0),
(44, 'S1', 0, 1, 0),
(44, 'S4', 0, 1, 0),
(44, 'S10', 0, 0, 1),
(45, 'P16', 1, 0, 0),
(45, 'S14', 0, 1, 0),
(45, 'S2', 0, 1, 0),
(45, 'S16', 0, 0, 1),
(46, 'P6', 1, 0, 0),
(46, 'S16', 0, 1, 0),
(46, 'S12', 0, 1, 0),
(46, 'S9', 0, 0, 1),
(47, 'P17', 1, 0, 0),
(47, 'S14', 0, 1, 0),
(47, 'S9', 0, 1, 0),
(47, 'S1', 0, 0, 1),
(48, 'P6', 1, 0, 0),
(48, 'S5', 0, 1, 0),
(48, 'S8', 0, 1, 0),
(48, 'S12', 0, 0, 1),
(49, 'P2', 1, 0, 0),
(49, 'S5', 0, 1, 0),
(49, 'S14', 0, 1, 0),
(49, 'S5', 0, 0, 1),
(50, 'P15', 1, 0, 0),
(50, 'S13', 0, 1, 0),
(50, 'S5', 0, 1, 0),
(50, 'S13', 0, 0, 1),
(51, 'P16', 1, 0, 0),
(51, 'S6', 0, 1, 0),
(51, 'S11', 0, 1, 0),
(51, 'S12', 0, 0, 1),
(52, 'P17', 1, 0, 0),
(52, 'S5', 0, 1, 0),
(52, 'S9', 0, 1, 0),
(52, 'S14', 0, 0, 1),
(53, 'P19', 1, 0, 0),
(53, 'S16', 0, 1, 0),
(53, 'S6', 0, 1, 0),
(53, 'S5', 0, 0, 1),
(54, 'P13', 1, 0, 0),
(54, 'S4', 0, 1, 0),
(54, 'S17', 0, 0, 1),
(55, 'P12', 1, 0, 0),
(55, 'S18', 0, 1, 0),
(55, 'S2', 0, 1, 0),
(55, 'S16', 0, 0, 1),
(56, 'P11', 1, 0, 0),
(56, 'S2', 0, 1, 0),
(56, 'S5', 0, 1, 0),
(56, 'S12', 0, 0, 1),
(57, 'P9', 1, 0, 0),
(57, 'S8', 0, 1, 0),
(57, 'S13', 0, 1, 0),
(57, 'S10', 0, 0, 1),
(58, 'P13', 1, 0, 0),
(58, 'S14', 0, 1, 0),
(58, 'S7', 0, 1, 0),
(58, 'S5', 0, 0, 1),
(59, 'P4', 1, 0, 0),
(59, 'S16', 0, 1, 0),
(59, 'S10', 0, 1, 0),
(59, 'S9', 0, 0, 1),
(60, 'P18', 1, 0, 0),
(60, 'S7', 0, 1, 0),
(60, 'S17', 0, 1, 0),
(60, 'S11', 0, 0, 1),
(61, 'P13', 1, 0, 0),
(61, 'S13', 0, 1, 0),
(61, 'S8', 0, 1, 0),
(61, 'S10', 0, 0, 1),
(62, 'P14', 1, 0, 0),
(62, 'S9', 0, 1, 0),
(62, 'S13', 0, 1, 0),
(62, 'S12', 0, 0, 1),
(63, 'P10', 1, 0, 0),
(63, 'S7', 0, 1, 0),
(63, 'S15', 0, 1, 0),
(63, 'S9', 0, 0, 1),
(64, 'P7', 1, 0, 0),
(64, 'S8', 0, 1, 0),
(64, 'S5', 0, 1, 0),
(64, 'S16', 0, 0, 1),
(64, 'S13', 0, 0, 1),
(65, 'P3', 1, 0, 0),
(65, 'S14', 0, 1, 0),
(65, 'S6', 0, 1, 0),
(65, 'S13', 0, 0, 1),
(66, 'P17', 1, 0, 0),
(66, 'S9', 0, 1, 0),
(66, 'S19', 0, 1, 0),
(66, 'S17', 0, 0, 1),
(67, 'P3', 1, 0, 0),
(67, 'S16', 0, 1, 0),
(67, 'S14', 0, 1, 0),
(67, 'S10', 0, 0, 1),
(68, 'P11', 1, 0, 0),
(68, 'S18', 0, 1, 0),
(68, 'S13', 0, 1, 0),
(68, 'S18', 0, 0, 1),
(69, 'P10', 1, 0, 0),
(69, 'S3', 0, 1, 0),
(69, 'S11', 0, 1, 0),
(69, 'S4', 0, 0, 1),
(70, 'P17', 1, 0, 0),
(70, 'S19', 0, 1, 0),
(70, 'S15', 0, 1, 0),
(70, 'S7', 0, 0, 1),
(71, 'P9', 1, 0, 0),
(71, 'S16', 0, 1, 0),
(71, 'S14', 0, 1, 0),
(71, 'S5', 0, 0, 1),
(72, 'P11', 1, 0, 0),
(72, 'S10', 0, 1, 0),
(72, 'S10', 0, 1, 0),
(72, 'S3', 0, 0, 1),
(73, 'P13', 1, 0, 0),
(73, 'S18', 0, 1, 0),
(73, 'S19', 0, 1, 0),
(73, 'S4', 0, 0, 1),
(74, 'P10', 1, 0, 0),
(74, 'S4', 0, 1, 0),
(74, 'S14', 0, 1, 0),
(74, 'S2', 0, 0, 1),
(75, 'P16', 1, 0, 0),
(75, 'S14', 0, 1, 0),
(75, 'S17', 0, 1, 0),
(75, 'S10', 0, 0, 1),
(76, 'P11', 1, 0, 0),
(76, 'S16', 0, 1, 0),
(76, 'S1', 0, 1, 0),
(76, 'S15', 0, 0, 1),
(77, 'P18', 1, 0, 0),
(77, 'S6', 0, 1, 0),
(77, 'S19', 0, 1, 0),
(77, 'S5', 0, 0, 1),
(78, 'P15', 1, 0, 0),
(78, 'S8', 0, 1, 0),
(78, 'S3', 0, 1, 0),
(78, 'S1', 0, 0, 1),
(79, 'P10', 1, 0, 0),
(79, 'S13', 0, 1, 0),
(79, 'S17', 0, 1, 0),
(79, 'S2', 0, 0, 1),
(80, 'P5', 1, 0, 0),
(80, 'S7', 0, 1, 0),
(80, 'S13', 0, 1, 0),
(80, 'S17', 0, 0, 1),
(81, 'P11', 1, 0, 0),
(81, 'S1', 0, 1, 0),
(81, 'S9', 0, 1, 0),
(81, 'S4', 0, 0, 1),
(82, 'P10', 1, 0, 0),
(82, 'S18', 0, 1, 0),
(82, 'S17', 0, 1, 0),
(82, 'S10', 0, 0, 1),
(83, 'P14', 1, 0, 0),
(83, 'S6', 0, 1, 0),
(83, 'S16', 0, 1, 0),
(83, 'S4', 0, 0, 1),
(84, 'P14', 1, 0, 0),
(84, 'S15', 0, 1, 0),
(84, 'S4', 0, 1, 0),
(84, 'S5', 0, 0, 1),
(85, 'P8', 1, 0, 0),
(85, 'S10', 0, 1, 0),
(85, 'S1', 0, 1, 0),
(85, 'S9', 0, 0, 1),
(86, 'P16', 1, 0, 0),
(86, 'S2', 0, 1, 0),
(86, 'S16', 0, 1, 0),
(86, 'S14', 0, 0, 1),
(87, 'P1', 1, 0, 0),
(87, 'S11', 0, 1, 0),
(87, 'S16', 0, 1, 0),
(87, 'S18', 0, 0, 1),
(88, 'P15', 1, 0, 0),
(88, 'S1', 0, 1, 0),
(88, 'S9', 0, 1, 0),
(88, 'S2', 0, 0, 1),
(88, 'S7', 0, 0, 1),
(89, 'P1', 1, 0, 0),
(89, 'S1', 0, 1, 0),
(89, 'S17', 0, 1, 0),
(89, 'S3', 0, 0, 1),
(90, 'P6', 1, 0, 0),
(90, 'S1', 0, 1, 0),
(90, 'S3', 0, 1, 0),
(90, 'S16', 0, 0, 1),
(91, 'P2', 1, 0, 0),
(91, 'S8', 0, 1, 0),
(91, 'S4', 0, 1, 0),
(91, 'S14', 0, 0, 1),
(92, 'P1', 1, 0, 0),
(92, 'S12', 0, 1, 0),
(92, 'S9', 0, 1, 0),
(92, 'S3', 0, 0, 1),
(93, 'P15', 1, 0, 0),
(93, 'S4', 0, 1, 0),
(93, 'S12', 0, 0, 1),
(94, 'P18', 1, 0, 0),
(94, 'S7', 0, 1, 0),
(94, 'S3', 0, 1, 0),
(94, 'S11', 0, 0, 1),
(95, 'P13', 1, 0, 0),
(95, 'S18', 0, 1, 0),
(95, 'S18', 0, 1, 0),
(95, 'S3', 0, 0, 1),
(96, 'P7', 1, 0, 0),
(96, 'S18', 0, 1, 0),
(96, 'S14', 0, 1, 0),
(96, 'S15', 0, 0, 1),
(97, 'P4', 1, 0, 0),
(97, 'S11', 0, 1, 0),
(97, 'S6', 0, 0, 1),
(98, 'P7', 1, 0, 0),
(98, 'S18', 0, 1, 0),
(98, 'S6', 0, 1, 0),
(98, 'S17', 0, 0, 1),
(99, 'P8', 1, 0, 0),
(99, 'S10', 0, 1, 0),
(99, 'S10', 0, 1, 0),
(99, 'S15', 0, 0, 1),
(100, 'P9', 1, 0, 0),
(100, 'S18', 0, 1, 0),
(100, 'S12', 0, 1, 0),
(100, 'S8', 0, 0, 1),
(101, 'P16', 1, 0, 0),
(101, 'S5', 0, 1, 0),
(101, 'S16', 0, 1, 0),
(101, 'S8', 0, 0, 1),
(102, 'P5', 1, 0, 0),
(102, 'S2', 0, 1, 0),
(102, 'S4', 0, 1, 0),
(102, 'S19', 0, 0, 1),
(103, 'P19', 1, 0, 0),
(103, 'S14', 0, 1, 0),
(103, 'S13', 0, 1, 0),
(103, 'S6', 0, 0, 1),
(104, 'P8', 1, 0, 0),
(104, 'S12', 0, 1, 0),
(104, 'S8', 0, 0, 1),
(105, 'P13', 1, 0, 0),
(105, 'S3', 0, 1, 0),
(105, 'S12', 0, 1, 0),
(105, 'S7', 0, 0, 1),
(106, 'P16', 1, 0, 0),
(106, 'S4', 0, 1, 0),
(106, 'S2', 0, 1, 0),
(106, 'S6', 0, 0, 1),
(107, 'P1', 1, 0, 0),
(107, 'S5', 0, 1, 0),
(107, 'S18', 0, 1, 0),
(107, 'S14', 0, 0, 1),
(108, 'P3', 1, 0, 0),
(108, 'S14', 0, 1, 0),
(108, 'S8', 0, 1, 0),
(108, 'S15', 0, 0, 1),
(109, 'P6', 1, 0, 0),
(109, 'S10', 0, 1, 0),
(109, 'S4', 0, 1, 0),
(109, 'S3', 0, 0, 1),
(110, 'P6', 1, 0, 0),
(110, 'S3', 0, 1, 0),
(110, 'S16', 0, 1, 0),
(110, 'S14', 0, 0, 1),
(111, 'P12', 1, 0, 0),
(111, 'S15', 0, 1, 0),
(111, 'S9', 0, 0, 1),
(112, 'P15', 1, 0, 0),
(112, 'S12', 0, 1, 0),
(112, 'S2', 0, 0, 1),
(113, 'P13', 1, 0, 0),
(113, 'S1', 0, 1, 0),
(113, 'S18', 0, 1, 0),
(113, 'S19', 0, 0, 1),
(114, 'P6', 1, 0, 0),
(114, 'S5', 0, 1, 0),
(114, 'S3', 0, 0, 1),
(115, 'P15', 1, 0, 0),
(115, 'S2', 0, 1, 0),
(115, 'S5', 0, 1, 0),
(115, 'S2', 0, 0, 1),
(116, 'P2', 1, 0, 0),
(116, 'S1', 0, 1, 0),
(116, 'S17', 0, 1, 0),
(116, 'S13', 0, 0, 1),
(117, 'P12', 1, 0, 0),
(117, 'S2', 0, 1, 0),
(117, 'S8', 0, 1, 0),
(117, 'S5', 0, 0, 1),
(118, 'P13', 1, 0, 0),
(118, 'S4', 0, 1, 0),
(118, 'S1', 0, 1, 0),
(118, 'S17', 0, 0, 1),
(119, 'P3', 1, 0, 0),
(119, 'S5', 0, 1, 0),
(119, 'S19', 0, 1, 0),
(119, 'S16', 0, 0, 1),
(120, 'P12', 1, 0, 0),
(120, 'S11', 0, 1, 0),
(120, 'S7', 0, 1, 0),
(120, 'S6', 0, 0, 1),
(121, 'P4', 1, 0, 0),
(121, 'S15', 0, 1, 0),
(121, 'S14', 0, 1, 0),
(121, 'S10', 0, 0, 1),
(122, 'P3', 1, 0, 0),
(122, 'S12', 0, 1, 0),
(122, 'S6', 0, 1, 0),
(122, 'S1', 0, 0, 1),
(123, 'P15', 1, 0, 0),
(123, 'S15', 0, 1, 0),
(123, 'S18', 0, 1, 0),
(123, 'S18', 0, 0, 1),
(124, 'P19', 1, 0, 0),
(124, 'S18', 0, 1, 0),
(124, 'S1', 0, 1, 0),
(124, 'S8', 0, 0, 1),
(125, 'P5', 1, 0, 0),
(125, 'S5', 0, 1, 0),
(125, 'S14', 0, 1, 0),
(125, 'S19', 0, 0, 1),
(126, 'P14', 1, 0, 0),
(126, 'S7', 0, 1, 0),
(126, 'S6', 0, 1, 0),
(126, 'S14', 0, 0, 1),
(127, 'P12', 1, 0, 0),
(127, 'S3', 0, 1, 0),
(127, 'S12', 0, 1, 0),
(127, 'S19', 0, 0, 1),
(128, 'P11', 1, 0, 0),
(128, 'S3', 0, 1, 0),
(128, 'S18', 0, 1, 0),
(128, 'S3', 0, 0, 1),
(129, 'P18', 1, 0, 0),
(129, 'S13', 0, 1, 0),
(129, 'S2', 0, 1, 0),
(129, 'S12', 0, 0, 1),
(130, 'P13', 1, 0, 0),
(130, 'S15', 0, 1, 0),
(130, 'S16', 0, 1, 0),
(130, 'S6', 0, 0, 1),
(131, 'P8', 1, 0, 0),
(131, 'S3', 0, 1, 0),
(131, 'S11', 0, 1, 0),
(131, 'S10', 0, 0, 1),
(132, 'P12', 1, 0, 0),
(132, 'S1', 0, 1, 0),
(132, 'S14', 0, 1, 0),
(132, 'S7', 0, 0, 1),
(133, 'P2', 1, 0, 0),
(133, 'S1', 0, 1, 0),
(133, 'S4', 0, 1, 0),
(133, 'S12', 0, 0, 1),
(134, 'P11', 1, 0, 0),
(134, 'S3', 0, 1, 0),
(134, 'S4', 0, 1, 0),
(134, 'S3', 0, 0, 1),
(135, 'P14', 1, 0, 0),
(135, 'S2', 0, 1, 0),
(135, 'S2', 0, 1, 0),
(135, 'S7', 0, 0, 1),
(136, 'P15', 1, 0, 0),
(136, 'S7', 0, 1, 0),
(136, 'S18', 0, 1, 0),
(136, 'S6', 0, 0, 1),
(137, 'P17', 1, 0, 0),
(137, 'S1', 0, 1, 0),
(137, 'S17', 0, 1, 0),
(137, 'S19', 0, 0, 1),
(138, 'P17', 1, 0, 0),
(138, 'S12', 0, 1, 0),
(138, 'S7', 0, 1, 0),
(138, 'S14', 0, 0, 1),
(139, 'P15', 1, 0, 0),
(139, 'S2', 0, 1, 0),
(139, 'S18', 0, 1, 0),
(139, 'S2', 0, 0, 1),
(140, 'P3', 1, 0, 0),
(140, 'S5', 0, 1, 0),
(140, 'S3', 0, 1, 0),
(140, 'S4', 0, 0, 1),
(141, 'P17', 1, 0, 0),
(141, 'S5', 0, 1, 0),
(141, 'S19', 0, 0, 1),
(142, 'P1', 1, 0, 0),
(142, 'S9', 0, 1, 0),
(142, 'S15', 0, 1, 0),
(142, 'S9', 0, 0, 1),
(143, 'P16', 1, 0, 0),
(143, 'S18', 0, 1, 0),
(143, 'S11', 0, 1, 0),
(143, 'S11', 0, 0, 1),
(144, 'P9', 1, 0, 0),
(144, 'S1', 0, 1, 0),
(144, 'S19', 0, 1, 0),
(144, 'S11', 0, 0, 1),
(145, 'P19', 1, 0, 0),
(145, 'S6', 0, 1, 0),
(145, 'S14', 0, 0, 1),
(146, 'P4', 1, 0, 0),
(146, 'S7', 0, 1, 0),
(146, 'S10', 0, 1, 0),
(146, 'S14', 0, 0, 1),
(147, 'P2', 1, 0, 0),
(147, 'S7', 0, 1, 0),
(147, 'S1', 0, 1, 0),
(147, 'S8', 0, 0, 1),
(148, 'P6', 1, 0, 0),
(148, 'S15', 0, 1, 0),
(148, 'S16', 0, 1, 0),
(148, 'S4', 0, 0, 1),
(149, 'P4', 1, 0, 0),
(149, 'S4', 0, 1, 0),
(149, 'S12', 0, 1, 0),
(149, 'S18', 0, 0, 1),
(150, 'P3', 1, 0, 0),
(150, 'S16', 0, 1, 0),
(150, 'S13', 0, 1, 0),
(150, 'S2', 0, 0, 1),
(151, 'P4', 1, 0, 0),
(151, 'S17', 0, 1, 0),
(151, 'S9', 0, 1, 0),
(151, 'S14', 0, 0, 1),
(152, 'P2', 1, 0, 0),
(152, 'S1', 0, 1, 0),
(152, 'S12', 0, 0, 1),
(153, 'P5', 1, 0, 0),
(153, 'S3', 0, 1, 0),
(153, 'S17', 0, 1, 0),
(153, 'S8', 0, 0, 1),
(154, 'P16', 1, 0, 0),
(154, 'S1', 0, 1, 0),
(154, 'S8', 0, 1, 0),
(154, 'S13', 0, 0, 1),
(155, 'P8', 1, 0, 0),
(155, 'S4', 0, 1, 0),
(155, 'S5', 0, 1, 0),
(155, 'S7', 0, 0, 1),
(156, 'P8', 1, 0, 0),
(156, 'S1', 0, 1, 0),
(156, 'S1', 0, 1, 0),
(156, 'S13', 0, 0, 1),
(157, 'P3', 1, 0, 0),
(157, 'S18', 0, 1, 0),
(157, 'S11', 0, 1, 0),
(157, 'S3', 0, 0, 1),
(158, 'P7', 1, 0, 0),
(158, 'S11', 0, 1, 0),
(158, 'S18', 0, 1, 0),
(158, 'S15', 0, 0, 1),
(159, 'P2', 1, 0, 0),
(159, 'S6', 0, 1, 0),
(159, 'S8', 0, 1, 0),
(159, 'S2', 0, 0, 1),
(160, 'P5', 1, 0, 0),
(160, 'S7', 0, 1, 0),
(160, 'S1', 0, 1, 0),
(160, 'S7', 0, 0, 1),
(161, 'P8', 1, 0, 0),
(161, 'S15', 0, 1, 0),
(161, 'S6', 0, 1, 0),
(161, 'S9', 0, 0, 1),
(162, 'P9', 1, 0, 0),
(162, 'S11', 0, 1, 0),
(162, 'S2', 0, 0, 1),
(163, 'P16', 1, 0, 0),
(163, 'S3', 0, 1, 0),
(163, 'S13', 0, 1, 0),
(163, 'S7', 0, 0, 1),
(164, 'P12', 1, 0, 0),
(164, 'S12', 0, 1, 0),
(164, 'S13', 0, 1, 0),
(164, 'S16', 0, 0, 1),
(165, 'P10', 1, 0, 0),
(165, 'S3', 0, 1, 0),
(165, 'S7', 0, 1, 0),
(165, 'S4', 0, 0, 1),
(166, 'P14', 1, 0, 0),
(166, 'S3', 0, 1, 0),
(166, 'S15', 0, 1, 0),
(166, 'S17', 0, 0, 1),
(167, 'P18', 1, 0, 0),
(167, 'S15', 0, 1, 0),
(167, 'S18', 0, 1, 0),
(167, 'S7', 0, 0, 1),
(168, 'P15', 1, 0, 0),
(168, 'S14', 0, 1, 0),
(168, 'S8', 0, 1, 0),
(168, 'S1', 0, 0, 1),
(169, 'P4', 1, 0, 0),
(169, 'S15', 0, 1, 0),
(169, 'S18', 0, 0, 1),
(170, 'P15', 1, 0, 0),
(170, 'S8', 0, 1, 0),
(170, 'S13', 0, 1, 0),
(170, 'S18', 0, 0, 1),
(171, 'P6', 1, 0, 0),
(171, 'S17', 0, 1, 0),
(171, 'S1', 0, 1, 0),
(171, 'S11', 0, 0, 1),
(172, 'P11', 1, 0, 0),
(172, 'S10', 0, 1, 0),
(172, 'S19', 0, 1, 0),
(172, 'S2', 0, 0, 1),
(173, 'P10', 1, 0, 0),
(173, 'S8', 0, 1, 0),
(173, 'S6', 0, 1, 0),
(173, 'S17', 0, 0, 1),
(174, 'P14', 1, 0, 0),
(174, 'S18', 0, 1, 0),
(174, 'S9', 0, 1, 0),
(174, 'S11', 0, 0, 1),
(175, 'P4', 1, 0, 0),
(175, 'S9', 0, 1, 0),
(175, 'S14', 0, 1, 0),
(175, 'S15', 0, 0, 1),
(176, 'P8', 1, 0, 0),
(176, 'S16', 0, 1, 0),
(176, 'S8', 0, 1, 0),
(176, 'S19', 0, 0, 1),
(177, 'P14', 1, 0, 0),
(177, 'S15', 0, 1, 0),
(177, 'S12', 0, 1, 0),
(177, 'S7', 0, 0, 1),
(178, 'P12', 1, 0, 0),
(178, 'S17', 0, 1, 0),
(178, 'S5', 0, 1, 0),
(178, 'S6', 0, 0, 1),
(179, 'P3', 1, 0, 0),
(179, 'S18', 0, 1, 0),
(179, 'S1', 0, 1, 0),
(179, 'S12', 0, 0, 1),
(180, 'P7', 1, 0, 0),
(180, 'S14', 0, 1, 0),
(180, 'S10', 0, 0, 1),
(181, 'P14', 1, 0, 0),
(181, 'S14', 0, 1, 0),
(181, 'S16', 0, 1, 0),
(181, 'S10', 0, 0, 1),
(182, 'P2', 1, 0, 0),
(182, 'S1', 0, 1, 0),
(182, 'S11', 0, 1, 0),
(182, 'S16', 0, 0, 1),
(183, 'P12', 1, 0, 0),
(183, 'S10', 0, 1, 0),
(183, 'S8', 0, 1, 0),
(183, 'S2', 0, 0, 1),
(184, 'P11', 1, 0, 0),
(184, 'S15', 0, 1, 0),
(184, 'S17', 0, 1, 0),
(184, 'S1', 0, 0, 1),
(185, 'P2', 1, 0, 0),
(185, 'S8', 0, 1, 0),
(185, 'S16', 0, 1, 0),
(185, 'S12', 0, 0, 1),
(186, 'P18', 1, 0, 0),
(186, 'S19', 0, 1, 0),
(186, 'S14', 0, 1, 0),
(186, 'S8', 0, 0, 1),
(187, 'P1', 1, 0, 0),
(187, 'S2', 0, 1, 0),
(187, 'S3', 0, 1, 0),
(187, 'S4', 0, 0, 1),
(188, 'P17', 1, 0, 0),
(188, 'S16', 0, 1, 0),
(188, 'S7', 0, 1, 0),
(188, 'S15', 0, 0, 1),
(188, 'S9', 0, 0, 1),
(189, 'P10', 1, 0, 0),
(189, 'S9', 0, 1, 0),
(189, 'S15', 0, 1, 0),
(189, 'S18', 0, 0, 1),
(190, 'P13', 1, 0, 0),
(190, 'S12', 0, 1, 0),
(190, 'S4', 0, 1, 0),
(190, 'S8', 0, 0, 1),
(191, 'P10', 1, 0, 0),
(191, 'S4', 0, 1, 0),
(191, 'S18', 0, 1, 0),
(191, 'S17', 0, 0, 1),
(192, 'P4', 1, 0, 0),
(192, 'S11', 0, 1, 0),
(192, 'S15', 0, 1, 0),
(192, 'S2', 0, 0, 1),
(193, 'P8', 1, 0, 0),
(193, 'S12', 0, 1, 0),
(193, 'S11', 0, 1, 0),
(193, 'S4', 0, 0, 1),
(194, 'P6', 1, 0, 0),
(194, 'S19', 0, 1, 0),
(194, 'S13', 0, 1, 0),
(194, 'S16', 0, 0, 1),
(195, 'P3', 1, 0, 0),
(195, 'S2', 0, 1, 0),
(195, 'S9', 0, 1, 0),
(195, 'S18', 0, 0, 1),
(196, 'P16', 1, 0, 0),
(196, 'S13', 0, 1, 0),
(196, 'S1', 0, 1, 0),
(196, 'S6', 0, 0, 1),
(197, 'P18', 1, 0, 0),
(197, 'S18', 0, 1, 0),
(197, 'S11', 0, 1, 0),
(197, 'S6', 0, 0, 1),
(198, 'P19', 1, 0, 0),
(198, 'S9', 0, 1, 0),
(198, 'S12', 0, 1, 0),
(198, 'S19', 0, 0, 1),
(199, 'P18', 1, 0, 0),
(199, 'S10', 0, 1, 0),
(199, 'S7', 0, 1, 0),
(199, 'S18', 0, 0, 1),
(200, 'P4', 1, 0, 0),
(200, 'S13', 0, 1, 0),
(200, 'S17', 0, 1, 0),
(200, 'S16', 0, 0, 1),
(201, 'P1', 1, 0, 0),
(201, 'S5', 0, 1, 0),
(201, 'S7', 0, 1, 0),
(201, 'S15', 0, 0, 1),
(202, 'P15', 1, 0, 0),
(202, 'S3', 0, 1, 0),
(202, 'S19', 0, 1, 0),
(202, 'S9', 0, 0, 1),
(203, 'P14', 1, 0, 0),
(203, 'S19', 0, 1, 0),
(203, 'S14', 0, 1, 0),
(203, 'S3', 0, 0, 1),
(204, 'P10', 1, 0, 0),
(204, 'S3', 0, 1, 0),
(204, 'S10', 0, 1, 0),
(204, 'S17', 0, 0, 1),
(205, 'P14', 1, 0, 0),
(205, 'S18', 0, 1, 0),
(205, 'S11', 0, 1, 0),
(205, 'S18', 0, 0, 1),
(206, 'P5', 1, 0, 0),
(206, 'S3', 0, 1, 0),
(206, 'S3', 0, 1, 0),
(206, 'S16', 0, 0, 1),
(207, 'P4', 1, 0, 0),
(207, 'S5', 0, 1, 0),
(207, 'S5', 0, 1, 0),
(207, 'S9', 0, 0, 1),
(208, 'P13', 1, 0, 0),
(208, 'S9', 0, 1, 0),
(208, 'S6', 0, 0, 1),
(209, 'P3', 1, 0, 0),
(209, 'S8', 0, 1, 0),
(209, 'S2', 0, 1, 0),
(209, 'S16', 0, 0, 1),
(210, 'P12', 1, 0, 0),
(210, 'S5', 0, 1, 0),
(210, 'S4', 0, 1, 0),
(210, 'S4', 0, 0, 1),
(211, 'P6', 1, 0, 0),
(211, 'S12', 0, 1, 0),
(211, 'S17', 0, 0, 1),
(212, 'P4', 1, 0, 0),
(212, 'S2', 0, 1, 0),
(212, 'S4', 0, 1, 0),
(212, 'S18', 0, 0, 1),
(213, 'P18', 1, 0, 0),
(213, 'S12', 0, 1, 0),
(213, 'S13', 0, 1, 0),
(213, 'S2', 0, 0, 1),
(214, 'P4', 1, 0, 0),
(214, 'S12', 0, 1, 0),
(214, 'S9', 0, 1, 0),
(214, 'S14', 0, 0, 1),
(215, 'P10', 1, 0, 0),
(215, 'S19', 0, 1, 0),
(215, 'S5', 0, 1, 0),
(215, 'S5', 0, 0, 1),
(216, 'P11', 1, 0, 0),
(216, 'S3', 0, 1, 0),
(216, 'S16', 0, 1, 0),
(216, 'S12', 0, 0, 1),
(217, 'P17', 1, 0, 0),
(217, 'S7', 0, 1, 0),
(217, 'S8', 0, 0, 1),
(218, 'P4', 1, 0, 0),
(218, 'S16', 0, 1, 0),
(218, 'S5', 0, 1, 0),
(218, 'S9', 0, 0, 1),
(219, 'P4', 1, 0, 0),
(219, 'S7', 0, 1, 0),
(219, 'S5', 0, 1, 0),
(219, 'S13', 0, 0, 1),
(220, 'P12', 1, 0, 0),
(220, 'S3', 0, 1, 0),
(220, 'S7', 0, 0, 1),
(221, 'P7', 1, 0, 0),
(221, 'S1', 0, 1, 0),
(221, 'S14', 0, 1, 0),
(221, 'S18', 0, 0, 1),
(222, 'P7', 1, 0, 0),
(222, 'S11', 0, 1, 0),
(222, 'S17', 0, 1, 0),
(222, 'S7', 0, 0, 1),
(223, 'P5', 1, 0, 0),
(223, 'S13', 0, 1, 0),
(223, 'S12', 0, 1, 0),
(223, 'S9', 0, 0, 1),
(224, 'P18', 1, 0, 0),
(224, 'S10', 0, 1, 0),
(224, 'S18', 0, 1, 0),
(224, 'S15', 0, 0, 1),
(225, 'P18', 1, 0, 0),
(225, 'S13', 0, 1, 0),
(225, 'S17', 0, 1, 0),
(225, 'S7', 0, 0, 1),
(226, 'P9', 1, 0, 0),
(226, 'S17', 0, 1, 0),
(226, 'S8', 0, 1, 0),
(226, 'S13', 0, 0, 1),
(227, 'P1', 1, 0, 0),
(227, 'S6', 0, 1, 0),
(227, 'S18', 0, 1, 0),
(227, 'S3', 0, 0, 1),
(228, 'P17', 1, 0, 0),
(228, 'S16', 0, 1, 0),
(228, 'S16', 0, 1, 0),
(228, 'S13', 0, 0, 1),
(229, 'P11', 1, 0, 0),
(229, 'S11', 0, 1, 0),
(229, 'S4', 0, 1, 0),
(229, 'S17', 0, 0, 1),
(230, 'P6', 1, 0, 0),
(230, 'S11', 0, 1, 0),
(230, 'S4', 0, 0, 1),
(231, 'P12', 1, 0, 0),
(231, 'S15', 0, 1, 0),
(231, 'S19', 0, 1, 0),
(231, 'S8', 0, 0, 1),
(232, 'P11', 1, 0, 0),
(232, 'S7', 0, 1, 0),
(232, 'S12', 0, 1, 0),
(232, 'S13', 0, 0, 1),
(233, 'P2', 1, 0, 0),
(233, 'S7', 0, 1, 0),
(233, 'S15', 0, 1, 0),
(233, 'S12', 0, 0, 1),
(234, 'P1', 1, 0, 0),
(234, 'S5', 0, 1, 0),
(234, 'S5', 0, 1, 0),
(234, 'S13', 0, 0, 1),
(235, 'P12', 1, 0, 0),
(235, 'S1', 0, 1, 0),
(235, 'S12', 0, 1, 0),
(235, 'S10', 0, 0, 1),
(236, 'P8', 1, 0, 0),
(236, 'S4', 0, 1, 0),
(236, 'S7', 0, 1, 0),
(236, 'S5', 0, 0, 1),
(237, 'P18', 1, 0, 0),
(237, 'S10', 0, 1, 0),
(237, 'S4', 0, 1, 0),
(237, 'S18', 0, 0, 1),
(238, 'P9', 1, 0, 0),
(238, 'S7', 0, 1, 0),
(238, 'S6', 0, 1, 0),
(238, 'S2', 0, 0, 1),
(239, 'P12', 1, 0, 0),
(239, 'S9', 0, 1, 0),
(239, 'S5', 0, 1, 0),
(239, 'S12', 0, 0, 1),
(240, 'P15', 1, 0, 0),
(240, 'S18', 0, 1, 0),
(240, 'S18', 0, 1, 0),
(240, 'S4', 0, 0, 1),
(241, 'P6', 1, 0, 0),
(241, 'S2', 0, 1, 0),
(241, 'S1', 0, 1, 0),
(241, 'S5', 0, 0, 1),
(242, 'P2', 1, 0, 0),
(242, 'S17', 0, 1, 0),
(242, 'S19', 0, 1, 0),
(242, 'S8', 0, 0, 1),
(243, 'P15', 1, 0, 0),
(243, 'S2', 0, 1, 0),
(243, 'S19', 0, 1, 0),
(243, 'S18', 0, 0, 1),
(244, 'P10', 1, 0, 0),
(244, 'S10', 0, 1, 0),
(244, 'S18', 0, 1, 0),
(244, 'S2', 0, 0, 1),
(245, 'P3', 1, 0, 0),
(245, 'S15', 0, 1, 0),
(245, 'S1', 0, 1, 0),
(245, 'S17', 0, 0, 1),
(246, 'P10', 1, 0, 0),
(246, 'S14', 0, 1, 0),
(246, 'S14', 0, 1, 0),
(246, 'S11', 0, 0, 1),
(247, 'P6', 1, 0, 0),
(247, 'S4', 0, 1, 0),
(247, 'S1', 0, 1, 0),
(247, 'S4', 0, 0, 1),
(248, 'P11', 1, 0, 0),
(248, 'S4', 0, 1, 0),
(248, 'S15', 0, 1, 0),
(248, 'S14', 0, 0, 1),
(249, 'P10', 1, 0, 0),
(249, 'S17', 0, 1, 0),
(249, 'S14', 0, 1, 0),
(249, 'S7', 0, 0, 1),
(250, 'P14', 1, 0, 0),
(250, 'S5', 0, 1, 0),
(250, 'S4', 0, 1, 0),
(250, 'S4', 0, 0, 1),
(251, 'P2', 1, 0, 0),
(251, 'S5', 0, 1, 0),
(251, 'S8', 0, 1, 0),
(251, 'S11', 0, 0, 1),
(252, 'P15', 1, 0, 0),
(252, 'S4', 0, 1, 0),
(252, 'S9', 0, 1, 0),
(252, 'S15', 0, 0, 1),
(253, 'P10', 1, 0, 0),
(253, 'S6', 0, 1, 0),
(253, 'S10', 0, 1, 0),
(253, 'S13', 0, 0, 1),
(254, 'P2', 1, 0, 0),
(254, 'S8', 0, 1, 0),
(254, 'S17', 0, 1, 0),
(254, 'S19', 0, 0, 1),
(255, 'P13', 1, 0, 0),
(255, 'S3', 0, 1, 0),
(255, 'S19', 0, 1, 0),
(255, 'S9', 0, 0, 1),
(256, 'P19', 1, 0, 0),
(256, 'S3', 0, 1, 0),
(256, 'S2', 0, 1, 0),
(256, 'S10', 0, 0, 1),
(257, 'P17', 1, 0, 0),
(257, 'S19', 0, 1, 0),
(257, 'S5', 0, 1, 0),
(257, 'S16', 0, 0, 1),
(258, 'P12', 1, 0, 0),
(258, 'S14', 0, 1, 0),
(258, 'S5', 0, 1, 0),
(258, 'S14', 0, 0, 1),
(259, 'P15', 1, 0, 0),
(259, 'S2', 0, 1, 0),
(259, 'S15', 0, 1, 0),
(259, 'S10', 0, 0, 1),
(260, 'P13', 1, 0, 0),
(260, 'S3', 0, 1, 0),
(260, 'S16', 0, 1, 0),
(260, 'S16', 0, 0, 1),
(261, 'P19', 1, 0, 0),
(261, 'S6', 0, 1, 0),
(261, 'S8', 0, 1, 0),
(261, 'S1', 0, 0, 1),
(262, 'P18', 1, 0, 0),
(262, 'S1', 0, 1, 0),
(262, 'S4', 0, 1, 0),
(262, 'S14', 0, 0, 1),
(263, 'P9', 1, 0, 0),
(263, 'S5', 0, 1, 0),
(263, 'S9', 0, 0, 1),
(264, 'P13', 1, 0, 0),
(264, 'S8', 0, 1, 0),
(264, 'S19', 0, 0, 1),
(265, 'P14', 1, 0, 0),
(265, 'S15', 0, 1, 0),
(265, 'S13', 0, 1, 0),
(265, 'S10', 0, 0, 1),
(266, 'P17', 1, 0, 0),
(266, 'S1', 0, 1, 0),
(266, 'S19', 0, 1, 0),
(266, 'S1', 0, 0, 1),
(267, 'P16', 1, 0, 0),
(267, 'S13', 0, 1, 0),
(267, 'S6', 0, 1, 0),
(267, 'S11', 0, 0, 1),
(268, 'P16', 1, 0, 0),
(268, 'S16', 0, 1, 0),
(268, 'S5', 0, 1, 0),
(268, 'S1', 0, 0, 1),
(269, 'P2', 1, 0, 0),
(269, 'S17', 0, 1, 0),
(269, 'S6', 0, 1, 0),
(269, 'S9', 0, 0, 1),
(270, 'P8', 1, 0, 0),
(270, 'S18', 0, 1, 0),
(270, 'S10', 0, 1, 0),
(270, 'S8', 0, 0, 1),
(271, 'P7', 1, 0, 0),
(271, 'S6', 0, 1, 0),
(271, 'S11', 0, 0, 1),
(272, 'P3', 1, 0, 0),
(272, 'S15', 0, 1, 0),
(272, 'S15', 0, 1, 0),
(272, 'S8', 0, 0, 1),
(273, 'P15', 1, 0, 0),
(273, 'S17', 0, 1, 0),
(273, 'S15', 0, 1, 0),
(273, 'S15', 0, 0, 1),
(274, 'P9', 1, 0, 0),
(274, 'S7', 0, 1, 0),
(274, 'S14', 0, 1, 0),
(274, 'S10', 0, 0, 1),
(275, 'P3', 1, 0, 0),
(275, 'S2', 0, 1, 0),
(275, 'S8', 0, 1, 0),
(275, 'S5', 0, 0, 1),
(276, 'P4', 1, 0, 0),
(276, 'S18', 0, 1, 0),
(276, 'S8', 0, 1, 0),
(276, 'S1', 0, 0, 1),
(277, 'P12', 1, 0, 0),
(277, 'S3', 0, 1, 0),
(277, 'S6', 0, 1, 0),
(277, 'S14', 0, 0, 1),
(278, 'P10', 1, 0, 0),
(278, 'S16', 0, 1, 0),
(278, 'S2', 0, 1, 0),
(278, 'S8', 0, 0, 1),
(279, 'P19', 1, 0, 0),
(279, 'S8', 0, 1, 0),
(279, 'S14', 0, 1, 0),
(279, 'S15', 0, 0, 1),
(280, 'P17', 1, 0, 0),
(280, 'S3', 0, 1, 0),
(280, 'S18', 0, 1, 0),
(280, 'S17', 0, 0, 1),
(281, 'P14', 1, 0, 0),
(281, 'S17', 0, 1, 0),
(281, 'S19', 0, 1, 0),
(281, 'S3', 0, 0, 1),
(282, 'P2', 1, 0, 0),
(282, 'S15', 0, 1, 0),
(282, 'S4', 0, 0, 1),
(283, 'P11', 1, 0, 0),
(283, 'S17', 0, 1, 0),
(283, 'S15', 0, 1, 0),
(283, 'S5', 0, 0, 1),
(284, 'P12', 1, 0, 0),
(284, 'S7', 0, 1, 0),
(284, 'S14', 0, 1, 0),
(284, 'S11', 0, 0, 1),
(285, 'P8', 1, 0, 0),
(285, 'S18', 0, 1, 0),
(285, 'S9', 0, 1, 0),
(285, 'S17', 0, 0, 1),
(286, 'P11', 1, 0, 0),
(286, 'S7', 0, 1, 0),
(286, 'S14', 0, 1, 0),
(286, 'S14', 0, 0, 1),
(287, 'P5', 1, 0, 0),
(287, 'S5', 0, 1, 0),
(287, 'S7', 0, 1, 0),
(287, 'S13', 0, 0, 1),
(288, 'P15', 1, 0, 0),
(288, 'S7', 0, 1, 0),
(288, 'S8', 0, 1, 0),
(288, 'S6', 0, 0, 1),
(289, 'P7', 1, 0, 0),
(289, 'S17', 0, 1, 0),
(289, 'S9', 0, 1, 0),
(289, 'S3', 0, 0, 1),
(290, 'P15', 1, 0, 0),
(290, 'S18', 0, 1, 0),
(290, 'S17', 0, 1, 0),
(290, 'S12', 0, 0, 1),
(291, 'P15', 1, 0, 0),
(291, 'S5', 0, 1, 0),
(291, 'S15', 0, 0, 1),
(292, 'P5', 1, 0, 0),
(292, 'S8', 0, 1, 0),
(292, 'S17', 0, 1, 0),
(292, 'S2', 0, 0, 1),
(293, 'P4', 1, 0, 0),
(293, 'S12', 0, 1, 0),
(293, 'S19', 0, 1, 0),
(293, 'S7', 0, 0, 1),
(294, 'P10', 1, 0, 0),
(294, 'S17', 0, 1, 0),
(294, 'S3', 0, 1, 0),
(294, 'S16', 0, 0, 1),
(295, 'P9', 1, 0, 0),
(295, 'S14', 0, 1, 0),
(295, 'S8', 0, 1, 0),
(295, 'S1', 0, 0, 1),
(296, 'P17', 1, 0, 0),
(296, 'S2', 0, 1, 0),
(296, 'S12', 0, 1, 0),
(296, 'S13', 0, 0, 1),
(297, 'P15', 1, 0, 0),
(297, 'S12', 0, 1, 0),
(297, 'S4', 0, 1, 0),
(297, 'S14', 0, 0, 1),
(298, 'P5', 1, 0, 0),
(298, 'S15', 0, 1, 0),
(298, 'S11', 0, 1, 0),
(298, 'S16', 0, 0, 1),
(299, 'P6', 1, 0, 0),
(299, 'S5', 0, 1, 0),
(299, 'S8', 0, 1, 0),
(299, 'S4', 0, 0, 1),
(300, 'P9', 1, 0, 0),
(300, 'S8', 0, 1, 0),
(300, 'S4', 0, 1, 0),
(300, 'S14', 0, 0, 1),
(301, 'P5', 1, 0, 0),
(301, 'S5', 0, 1, 0),
(301, 'S5', 0, 1, 0),
(301, 'S18', 0, 0, 1),
(302, 'P8', 1, 0, 0),
(302, 'S11', 0, 1, 0),
(302, 'S9', 0, 1, 0),
(302, 'S2', 0, 0, 1),
(303, 'P11', 1, 0, 0),
(303, 'S16', 0, 1, 0),
(303, 'S14', 0, 1, 0),
(303, 'S6', 0, 0, 1),
(304, 'P19', 1, 0, 0),
(304, 'S13', 0, 1, 0),
(304, 'S10', 0, 1, 0),
(304, 'S17', 0, 0, 1),
(305, 'P11', 1, 0, 0),
(305, 'S14', 0, 1, 0),
(305, 'S15', 0, 1, 0),
(305, 'S18', 0, 0, 1),
(306, 'P14', 1, 0, 0),
(306, 'S2', 0, 1, 0),
(306, 'S6', 0, 0, 1),
(307, 'P18', 1, 0, 0),
(307, 'S12', 0, 1, 0),
(307, 'S7', 0, 1, 0),
(307, 'S11', 0, 0, 1),
(308, 'P13', 1, 0, 0),
(308, 'S2', 0, 1, 0),
(308, 'S4', 0, 1, 0),
(308, 'S13', 0, 0, 1),
(309, 'P11', 1, 0, 0),
(309, 'S19', 0, 1, 0),
(309, 'S4', 0, 0, 1),
(309, 'S16', 0, 0, 1),
(310, 'P13', 1, 0, 0),
(310, 'S7', 0, 1, 0),
(310, 'S7', 0, 1, 0),
(310, 'S10', 0, 0, 1),
(311, 'P11', 1, 0, 0),
(311, 'S18', 0, 1, 0),
(311, 'S10', 0, 1, 0),
(311, 'S7', 0, 0, 1),
(312, 'P10', 1, 0, 0),
(312, 'S10', 0, 1, 0),
(312, 'S5', 0, 1, 0),
(312, 'S7', 0, 0, 1),
(313, 'P5', 1, 0, 0),
(313, 'S6', 0, 1, 0),
(313, 'S3', 0, 1, 0),
(313, 'S4', 0, 0, 1),
(314, 'P10', 1, 0, 0),
(314, 'S6', 0, 1, 0),
(314, 'S19', 0, 1, 0),
(314, 'S2', 0, 0, 1),
(315, 'P19', 1, 0, 0),
(315, 'S19', 0, 1, 0),
(315, 'S7', 0, 0, 1),
(316, 'P19', 1, 0, 0),
(316, 'S2', 0, 1, 0),
(316, 'S9', 0, 1, 0),
(316, 'S7', 0, 0, 1),
(317, 'P18', 1, 0, 0),
(317, 'S18', 0, 1, 0),
(317, 'S7', 0, 1, 0),
(317, 'S8', 0, 0, 1),
(318, 'P3', 1, 0, 0),
(318, 'S8', 0, 1, 0),
(318, 'S5', 0, 0, 1),
(319, 'P12', 1, 0, 0),
(319, 'S2', 0, 1, 0),
(319, 'S12', 0, 0, 1),
(320, 'P11', 1, 0, 0),
(320, 'S19', 0, 1, 0),
(320, 'S19', 0, 1, 0),
(320, 'S7', 0, 0, 1),
(321, 'P12', 1, 0, 0),
(321, 'S7', 0, 1, 0),
(321, 'S13', 0, 1, 0),
(321, 'S2', 0, 0, 1),
(322, 'P5', 1, 0, 0),
(322, 'S5', 0, 1, 0),
(322, 'S7', 0, 1, 0),
(322, 'S6', 0, 0, 1),
(323, 'P5', 1, 0, 0),
(323, 'S6', 0, 1, 0),
(323, 'S10', 0, 1, 0),
(323, 'S9', 0, 0, 1),
(324, 'P17', 1, 0, 0),
(324, 'S14', 0, 1, 0),
(324, 'S19', 0, 1, 0),
(324, 'S14', 0, 0, 1),
(325, 'P6', 1, 0, 0),
(325, 'S15', 0, 1, 0),
(325, 'S4', 0, 1, 0),
(325, 'S9', 0, 0, 1),
(326, 'P8', 1, 0, 0),
(326, 'S12', 0, 1, 0),
(326, 'S11', 0, 1, 0),
(326, 'S4', 0, 0, 1),
(327, 'P14', 1, 0, 0),
(327, 'S15', 0, 1, 0),
(327, 'S1', 0, 1, 0),
(327, 'S5', 0, 0, 1),
(328, 'P17', 1, 0, 0),
(328, 'S5', 0, 1, 0),
(328, 'S7', 0, 1, 0),
(328, 'S15', 0, 0, 1),
(329, 'P1', 1, 0, 0),
(329, 'S2', 0, 1, 0),
(329, 'S5', 0, 1, 0),
(329, 'S16', 0, 0, 1),
(330, 'P15', 1, 0, 0),
(330, 'S17', 0, 1, 0),
(330, 'S18', 0, 1, 0),
(330, 'S6', 0, 0, 1),
(331, 'P13', 1, 0, 0),
(331, 'S15', 0, 1, 0),
(331, 'S13', 0, 1, 0),
(331, 'S16', 0, 0, 1),
(332, 'P14', 1, 0, 0),
(332, 'S2', 0, 1, 0),
(332, 'S19', 0, 1, 0),
(332, 'S11', 0, 0, 1),
(333, 'P3', 1, 0, 0),
(333, 'S12', 0, 1, 0),
(333, 'S12', 0, 1, 0),
(333, 'S19', 0, 0, 1),
(334, 'P2', 1, 0, 0),
(334, 'S10', 0, 1, 0),
(334, 'S8', 0, 1, 0),
(334, 'S1', 0, 0, 1),
(335, 'P5', 1, 0, 0),
(335, 'S12', 0, 1, 0),
(335, 'S3', 0, 1, 0),
(335, 'S17', 0, 0, 1),
(336, 'P2', 1, 0, 0),
(336, 'S9', 0, 1, 0),
(336, 'S19', 0, 1, 0),
(336, 'S13', 0, 0, 1),
(337, 'P7', 1, 0, 0),
(337, 'S1', 0, 1, 0),
(337, 'S8', 0, 1, 0),
(337, 'S15', 0, 0, 1),
(338, 'P5', 1, 0, 0),
(338, 'S9', 0, 1, 0),
(338, 'S8', 0, 1, 0),
(338, 'S6', 0, 0, 1),
(339, 'P3', 1, 0, 0),
(339, 'S16', 0, 1, 0),
(339, 'S1', 0, 1, 0),
(339, 'S14', 0, 0, 1),
(340, 'P18', 1, 0, 0),
(340, 'S13', 0, 1, 0),
(340, 'S6', 0, 1, 0),
(340, 'S4', 0, 0, 1),
(341, 'P10', 1, 0, 0),
(341, 'S17', 0, 1, 0),
(341, 'S14', 0, 0, 1),
(342, 'P6', 1, 0, 0),
(342, 'S19', 0, 1, 0),
(342, 'S9', 0, 1, 0),
(342, 'S1', 0, 0, 1),
(343, 'P16', 1, 0, 0),
(343, 'S16', 0, 1, 0),
(343, 'S6', 0, 1, 0),
(343, 'S9', 0, 0, 1),
(344, 'P1', 1, 0, 0),
(344, 'S2', 0, 1, 0),
(344, 'S18', 0, 1, 0),
(344, 'S18', 0, 0, 1),
(345, 'P11', 1, 0, 0),
(345, 'S8', 0, 1, 0),
(345, 'S7', 0, 1, 0),
(345, 'S5', 0, 0, 1),
(346, 'P18', 1, 0, 0),
(346, 'S1', 0, 1, 0),
(346, 'S3', 0, 1, 0),
(346, 'S9', 0, 0, 1),
(347, 'P4', 1, 0, 0),
(347, 'S12', 0, 1, 0),
(347, 'S14', 0, 1, 0),
(347, 'S19', 0, 0, 1),
(348, 'P5', 1, 0, 0),
(348, 'S17', 0, 1, 0),
(348, 'S17', 0, 1, 0),
(348, 'S3', 0, 0, 1),
(349, 'P18', 1, 0, 0),
(349, 'S16', 0, 1, 0),
(349, 'S16', 0, 1, 0),
(349, 'S17', 0, 0, 1),
(350, 'P13', 1, 0, 0),
(350, 'S8', 0, 1, 0),
(350, 'S5', 0, 1, 0),
(350, 'S2', 0, 0, 1),
(351, 'P3', 1, 0, 0),
(351, 'S1', 0, 1, 0),
(351, 'S6', 0, 1, 0),
(351, 'S14', 0, 0, 1),
(352, 'P10', 1, 0, 0),
(352, 'S8', 0, 1, 0),
(352, 'S14', 0, 1, 0),
(352, 'S2', 0, 0, 1),
(353, 'P2', 1, 0, 0),
(353, 'S2', 0, 1, 0),
(353, 'S19', 0, 1, 0),
(353, 'S13', 0, 0, 1),
(354, 'P17', 1, 0, 0),
(354, 'S9', 0, 1, 0),
(354, 'S4', 0, 1, 0),
(354, 'S9', 0, 0, 1),
(355, 'P18', 1, 0, 0),
(355, 'S2', 0, 1, 0),
(355, 'S15', 0, 1, 0),
(355, 'S1', 0, 0, 1),
(356, 'P1', 1, 0, 0),
(356, 'S2', 0, 1, 0),
(356, 'S10', 0, 1, 0),
(356, 'S12', 0, 0, 1),
(357, 'P19', 1, 0, 0),
(357, 'S11', 0, 1, 0),
(357, 'S15', 0, 0, 1),
(358, 'P17', 1, 0, 0),
(358, 'S3', 0, 1, 0),
(358, 'S17', 0, 1, 0),
(358, 'S12', 0, 0, 1),
(359, 'P5', 1, 0, 0),
(359, 'S3', 0, 1, 0),
(359, 'S1', 0, 1, 0),
(359, 'S14', 0, 0, 1),
(360, 'P14', 1, 0, 0),
(360, 'S18', 0, 1, 0),
(360, 'S14', 0, 1, 0),
(360, 'S14', 0, 0, 1),
(361, 'P1', 1, 0, 0),
(361, 'S9', 0, 1, 0),
(361, 'S10', 0, 1, 0),
(361, 'S12', 0, 0, 1),
(362, 'P3', 1, 0, 0),
(362, 'S1', 0, 1, 0),
(362, 'S9', 0, 1, 0),
(362, 'S5', 0, 0, 1),
(363, 'P2', 1, 0, 0),
(363, 'S13', 0, 1, 0),
(363, 'S4', 0, 1, 0),
(363, 'S16', 0, 0, 1),
(364, 'P9', 1, 0, 0),
(364, 'S6', 0, 1, 0),
(364, 'S12', 0, 1, 0),
(364, 'S6', 0, 0, 1),
(365, 'P15', 1, 0, 0),
(365, 'S19', 0, 1, 0),
(365, 'S4', 0, 1, 0),
(365, 'S17', 0, 0, 1),
(365, 'S16', 0, 0, 1),
(366, 'P8', 1, 0, 0),
(366, 'S11', 0, 1, 0),
(366, 'S15', 0, 1, 0),
(366, 'S14', 0, 0, 1),
(367, 'P5', 1, 0, 0),
(367, 'S3', 0, 1, 0),
(367, 'S16', 0, 1, 0),
(367, 'S9', 0, 0, 1),
(368, 'P19', 1, 0, 0),
(368, 'S5', 0, 1, 0),
(368, 'S7', 0, 1, 0),
(368, 'S13', 0, 0, 1),
(369, 'P18', 1, 0, 0),
(369, 'S11', 0, 1, 0),
(369, 'S8', 0, 0, 1),
(370, 'P3', 1, 0, 0),
(370, 'S15', 0, 1, 0),
(370, 'S18', 0, 1, 0),
(370, 'S11', 0, 0, 1),
(371, 'P16', 1, 0, 0),
(371, 'S5', 0, 1, 0),
(371, 'S5', 0, 1, 0),
(371, 'S15', 0, 0, 1),
(372, 'P3', 1, 0, 0),
(372, 'S6', 0, 1, 0),
(372, 'S18', 0, 1, 0),
(372, 'S19', 0, 0, 1),
(373, 'P4', 1, 0, 0),
(373, 'S13', 0, 1, 0),
(373, 'S16', 0, 1, 0),
(373, 'S7', 0, 0, 1),
(374, 'P13', 1, 0, 0),
(374, 'S8', 0, 1, 0),
(374, 'S7', 0, 1, 0),
(374, 'S1', 0, 0, 1),
(375, 'P3', 1, 0, 0),
(375, 'S14', 0, 1, 0),
(375, 'S3', 0, 1, 0),
(375, 'S8', 0, 0, 1),
(376, 'P6', 1, 0, 0),
(376, 'S12', 0, 1, 0),
(376, 'S8', 0, 1, 0),
(376, 'S2', 0, 0, 1),
(377, 'P2', 1, 0, 0),
(377, 'S12', 0, 1, 0),
(377, 'S16', 0, 1, 0),
(377, 'S15', 0, 0, 1),
(378, 'P6', 1, 0, 0),
(378, 'S1', 0, 1, 0),
(378, 'S5', 0, 1, 0),
(378, 'S9', 0, 0, 1),
(379, 'P7', 1, 0, 0),
(379, 'S16', 0, 1, 0),
(379, 'S16', 0, 1, 0),
(379, 'S9', 0, 0, 1),
(379, 'S18', 0, 0, 1),
(380, 'P16', 1, 0, 0),
(380, 'S8', 0, 1, 0),
(380, 'S6', 0, 1, 0),
(380, 'S12', 0, 0, 1),
(381, 'P15', 1, 0, 0),
(381, 'S14', 0, 1, 0),
(381, 'S19', 0, 1, 0),
(381, 'S14', 0, 0, 1),
(382, 'P2', 1, 0, 0),
(382, 'S13', 0, 1, 0),
(382, 'S12', 0, 1, 0),
(382, 'S6', 0, 0, 1),
(383, 'P18', 1, 0, 0),
(383, 'S4', 0, 1, 0),
(383, 'S1', 0, 1, 0),
(383, 'S15', 0, 0, 1),
(384, 'P13', 1, 0, 0),
(384, 'S10', 0, 1, 0),
(384, 'S10', 0, 1, 0),
(384, 'S1', 0, 0, 1),
(385, 'P17', 1, 0, 0),
(385, 'S13', 0, 1, 0),
(385, 'S18', 0, 0, 1),
(386, 'P16', 1, 0, 0),
(386, 'S15', 0, 1, 0),
(386, 'S1', 0, 0, 1),
(387, 'P10', 1, 0, 0),
(387, 'S13', 0, 1, 0),
(387, 'S6', 0, 1, 0),
(387, 'S7', 0, 0, 1),
(388, 'P3', 1, 0, 0),
(388, 'S19', 0, 1, 0),
(388, 'S15', 0, 1, 0),
(388, 'S10', 0, 0, 1),
(389, 'P19', 1, 0, 0),
(389, 'S6', 0, 1, 0),
(389, 'S14', 0, 1, 0),
(389, 'S2', 0, 0, 1),
(390, 'P18', 1, 0, 0),
(390, 'S19', 0, 1, 0),
(390, 'S17', 0, 1, 0),
(390, 'S14', 0, 0, 1),
(391, 'P16', 1, 0, 0),
(391, 'S7', 0, 1, 0),
(391, 'S16', 0, 1, 0),
(391, 'S13', 0, 0, 1),
(392, 'P11', 1, 0, 0),
(392, 'S7', 0, 1, 0),
(392, 'S7', 0, 1, 0),
(392, 'S11', 0, 0, 1),
(393, 'P9', 1, 0, 0),
(393, 'S10', 0, 1, 0),
(393, 'S9', 0, 1, 0),
(393, 'S18', 0, 0, 1),
(394, 'P6', 1, 0, 0),
(394, 'S6', 0, 1, 0),
(394, 'S12', 0, 1, 0),
(394, 'S3', 0, 0, 1),
(395, 'P14', 1, 0, 0),
(395, 'S3', 0, 1, 0),
(395, 'S6', 0, 1, 0),
(395, 'S3', 0, 0, 1),
(396, 'P10', 1, 0, 0),
(396, 'S15', 0, 1, 0),
(396, 'S15', 0, 1, 0),
(396, 'S8', 0, 0, 1),
(397, 'P18', 1, 0, 0),
(397, 'S10', 0, 1, 0),
(397, 'S11', 0, 1, 0),
(397, 'S19', 0, 0, 1),
(398, 'P8', 1, 0, 0),
(398, 'S9', 0, 1, 0),
(398, 'S12', 0, 1, 0),
(398, 'S7', 0, 0, 1),
(399, 'P5', 1, 0, 0),
(399, 'S19', 0, 1, 0),
(399, 'S13', 0, 0, 1),
(400, 'P11', 1, 0, 0),
(400, 'S6', 0, 1, 0),
(400, 'S14', 0, 1, 0),
(400, 'S13', 0, 0, 1),
(401, 'P6', 1, 0, 0),
(401, 'S10', 0, 1, 0),
(401, 'S9', 0, 1, 0),
(401, 'S5', 0, 0, 1),
(402, 'P18', 1, 0, 0),
(402, 'S12', 0, 1, 0),
(402, 'S2', 0, 1, 0),
(402, 'S19', 0, 0, 1),
(403, 'P17', 1, 0, 0),
(403, 'S1', 0, 1, 0),
(403, 'S7', 0, 1, 0),
(403, 'S7', 0, 0, 1),
(404, 'P5', 1, 0, 0),
(404, 'S2', 0, 1, 0),
(404, 'S8', 0, 1, 0),
(404, 'S11', 0, 0, 1),
(405, 'P3', 1, 0, 0),
(405, 'S15', 0, 1, 0),
(405, 'S4', 0, 1, 0),
(405, 'S7', 0, 0, 1),
(406, 'P15', 1, 0, 0),
(406, 'S4', 0, 1, 0),
(406, 'S15', 0, 0, 1),
(407, 'P9', 1, 0, 0),
(407, 'S11', 0, 1, 0),
(407, 'S19', 0, 1, 0),
(407, 'S10', 0, 0, 1),
(408, 'P14', 1, 0, 0),
(408, 'S11', 0, 1, 0),
(408, 'S2', 0, 0, 1),
(409, 'P16', 1, 0, 0),
(409, 'S6', 0, 1, 0),
(409, 'S2', 0, 1, 0),
(409, 'S5', 0, 0, 1),
(410, 'P9', 1, 0, 0),
(410, 'S2', 0, 1, 0),
(410, 'S11', 0, 1, 0),
(410, 'S15', 0, 0, 1),
(411, 'P2', 1, 0, 0),
(411, 'S4', 0, 1, 0),
(411, 'S17', 0, 1, 0),
(411, 'S11', 0, 0, 1),
(412, 'P4', 1, 0, 0),
(412, 'S7', 0, 1, 0),
(412, 'S5', 0, 1, 0),
(412, 'S6', 0, 0, 1),
(413, 'P16', 1, 0, 0),
(413, 'S9', 0, 1, 0),
(413, 'S5', 0, 0, 1),
(414, 'P14', 1, 0, 0),
(414, 'S1', 0, 1, 0),
(414, 'S3', 0, 1, 0),
(414, 'S5', 0, 0, 1),
(415, 'P18', 1, 0, 0),
(415, 'S5', 0, 1, 0),
(415, 'S19', 0, 0, 1),
(416, 'P15', 1, 0, 0),
(416, 'S14', 0, 1, 0),
(416, 'S19', 0, 1, 0),
(416, 'S9', 0, 0, 1),
(417, 'P17', 1, 0, 0),
(417, 'S6', 0, 1, 0),
(417, 'S11', 0, 1, 0),
(417, 'S2', 0, 0, 1),
(418, 'P17', 1, 0, 0),
(418, 'S6', 0, 1, 0),
(418, 'S14', 0, 1, 0),
(418, 'S10', 0, 0, 1),
(419, 'P9', 1, 0, 0),
(419, 'S8', 0, 1, 0),
(419, 'S15', 0, 1, 0),
(419, 'S12', 0, 0, 1),
(420, 'P15', 1, 0, 0),
(420, 'S3', 0, 1, 0),
(420, 'S6', 0, 1, 0),
(420, 'S17', 0, 0, 1),
(421, 'P7', 1, 0, 0),
(421, 'S9', 0, 1, 0),
(421, 'S13', 0, 1, 0),
(421, 'S9', 0, 0, 1),
(422, 'P7', 1, 0, 0),
(422, 'S7', 0, 1, 0),
(422, 'S14', 0, 0, 1),
(423, 'P18', 1, 0, 0),
(423, 'S6', 0, 1, 0),
(423, 'S6', 0, 1, 0),
(423, 'S8', 0, 0, 1),
(424, 'P19', 1, 0, 0),
(424, 'S9', 0, 1, 0),
(424, 'S9', 0, 1, 0),
(424, 'S9', 0, 0, 1),
(425, 'P18', 1, 0, 0),
(425, 'S19', 0, 1, 0),
(425, 'S3', 0, 1, 0),
(425, 'S19', 0, 0, 1),
(426, 'P2', 1, 0, 0),
(426, 'S14', 0, 1, 0),
(426, 'S1', 0, 1, 0),
(426, 'S1', 0, 0, 1),
(427, 'P17', 1, 0, 0),
(427, 'S18', 0, 1, 0),
(427, 'S9', 0, 1, 0),
(427, 'S13', 0, 0, 1),
(428, 'P3', 1, 0, 0),
(428, 'S10', 0, 1, 0),
(428, 'S13', 0, 1, 0),
(428, 'S16', 0, 0, 1),
(429, 'P8', 1, 0, 0),
(429, 'S9', 0, 1, 0),
(429, 'S7', 0, 1, 0),
(429, 'S17', 0, 0, 1),
(430, 'P17', 1, 0, 0),
(430, 'S9', 0, 1, 0),
(430, 'S6', 0, 1, 0),
(430, 'S18', 0, 0, 1),
(431, 'P9', 1, 0, 0),
(431, 'S11', 0, 1, 0),
(431, 'S4', 0, 1, 0),
(431, 'S13', 0, 0, 1),
(432, 'P11', 1, 0, 0),
(432, 'S18', 0, 1, 0),
(432, 'S12', 0, 1, 0),
(432, 'S11', 0, 0, 1),
(433, 'P16', 1, 0, 0),
(433, 'S6', 0, 1, 0),
(433, 'S5', 0, 1, 0),
(433, 'S5', 0, 0, 1),
(434, 'P17', 1, 0, 0),
(434, 'S2', 0, 1, 0),
(434, 'S3', 0, 1, 0),
(434, 'S16', 0, 0, 1),
(435, 'P7', 1, 0, 0),
(435, 'S5', 0, 1, 0),
(435, 'S8', 0, 0, 1),
(436, 'P4', 1, 0, 0),
(436, 'S9', 0, 1, 0),
(436, 'S18', 0, 1, 0),
(436, 'S4', 0, 0, 1),
(437, 'P13', 1, 0, 0),
(437, 'S1', 0, 1, 0),
(437, 'S10', 0, 1, 0),
(437, 'S17', 0, 0, 1),
(438, 'P18', 1, 0, 0),
(438, 'S14', 0, 1, 0),
(438, 'S17', 0, 1, 0),
(438, 'S18', 0, 0, 1),
(439, 'P2', 1, 0, 0),
(439, 'S4', 0, 1, 0),
(439, 'S12', 0, 1, 0),
(439, 'S3', 0, 0, 1),
(440, 'P13', 1, 0, 0),
(440, 'S6', 0, 1, 0),
(440, 'S12', 0, 1, 0),
(440, 'S18', 0, 0, 1),
(441, 'P9', 1, 0, 0),
(441, 'S13', 0, 1, 0),
(441, 'S19', 0, 1, 0),
(441, 'S15', 0, 0, 1),
(442, 'P12', 1, 0, 0),
(442, 'S7', 0, 1, 0),
(442, 'S16', 0, 1, 0),
(442, 'S1', 0, 0, 1),
(443, 'P16', 1, 0, 0),
(443, 'S13', 0, 1, 0),
(443, 'S6', 0, 1, 0),
(443, 'S17', 0, 0, 1),
(444, 'P14', 1, 0, 0),
(444, 'S15', 0, 1, 0),
(444, 'S10', 0, 1, 0),
(444, 'S4', 0, 0, 1),
(445, 'P11', 1, 0, 0),
(445, 'S1', 0, 1, 0),
(445, 'S14', 0, 1, 0),
(445, 'S18', 0, 0, 1),
(446, 'P12', 1, 0, 0),
(446, 'S15', 0, 1, 0),
(446, 'S10', 0, 1, 0),
(446, 'S5', 0, 0, 1),
(447, 'P5', 1, 0, 0),
(447, 'S3', 0, 1, 0),
(447, 'S5', 0, 1, 0),
(447, 'S16', 0, 0, 1),
(448, 'P4', 1, 0, 0),
(448, 'S1', 0, 1, 0),
(448, 'S12', 0, 1, 0),
(448, 'S8', 0, 0, 1),
(449, 'P14', 1, 0, 0),
(449, 'S16', 0, 1, 0),
(449, 'S2', 0, 1, 0),
(449, 'S10', 0, 0, 1),
(450, 'P15', 1, 0, 0),
(450, 'S5', 0, 1, 0),
(450, 'S7', 0, 1, 0),
(450, 'S11', 0, 0, 1),
(451, 'P8', 1, 0, 0),
(451, 'S13', 0, 1, 0),
(451, 'S16', 0, 0, 1),
(452, 'P16', 1, 0, 0),
(452, 'S14', 0, 1, 0),
(452, 'S12', 0, 1, 0),
(452, 'S4', 0, 0, 1),
(453, 'P2', 1, 0, 0),
(453, 'S17', 0, 1, 0),
(453, 'S18', 0, 0, 1),
(454, 'P1', 1, 0, 0),
(454, 'S6', 0, 1, 0),
(454, 'S16', 0, 1, 0),
(454, 'S4', 0, 0, 1),
(455, 'P5', 1, 0, 0),
(455, 'S14', 0, 1, 0),
(455, 'S13', 0, 1, 0),
(455, 'S3', 0, 0, 1),
(456, 'P9', 1, 0, 0),
(456, 'S5', 0, 1, 0),
(456, 'S11', 0, 1, 0),
(456, 'S14', 0, 0, 1),
(457, 'P8', 1, 0, 0),
(457, 'S13', 0, 1, 0),
(457, 'S14', 0, 1, 0),
(457, 'S2', 0, 0, 1),
(458, 'P13', 1, 0, 0),
(458, 'S14', 0, 1, 0),
(458, 'S18', 0, 1, 0),
(458, 'S6', 0, 0, 1),
(459, 'P12', 1, 0, 0),
(459, 'S6', 0, 1, 0),
(459, 'S6', 0, 0, 1),
(460, 'P1', 1, 0, 0),
(460, 'S14', 0, 1, 0),
(460, 'S1', 0, 1, 0),
(460, 'S13', 0, 0, 1),
(461, 'P3', 1, 0, 0),
(461, 'S9', 0, 1, 0),
(461, 'S7', 0, 1, 0),
(461, 'S6', 0, 0, 1),
(462, 'P19', 1, 0, 0),
(462, 'S16', 0, 1, 0),
(462, 'S18', 0, 1, 0),
(462, 'S3', 0, 0, 1),
(463, 'P15', 1, 0, 0),
(463, 'S6', 0, 1, 0),
(463, 'S19', 0, 1, 0),
(463, 'S15', 0, 0, 1),
(464, 'P1', 1, 0, 0),
(464, 'S13', 0, 1, 0),
(464, 'S18', 0, 1, 0),
(464, 'S10', 0, 0, 1),
(465, 'P5', 1, 0, 0),
(465, 'S10', 0, 1, 0),
(465, 'S13', 0, 1, 0),
(465, 'S1', 0, 0, 1),
(466, 'P18', 1, 0, 0),
(466, 'S4', 0, 1, 0),
(466, 'S11', 0, 1, 0),
(466, 'S5', 0, 0, 1),
(467, 'P5', 1, 0, 0),
(467, 'S9', 0, 1, 0),
(467, 'S15', 0, 1, 0),
(467, 'S11', 0, 0, 1),
(468, 'P5', 1, 0, 0),
(468, 'S16', 0, 1, 0),
(468, 'S11', 0, 1, 0),
(468, 'S14', 0, 0, 1),
(469, 'P5', 1, 0, 0),
(469, 'S6', 0, 1, 0),
(469, 'S13', 0, 1, 0),
(469, 'S11', 0, 0, 1),
(470, 'P10', 1, 0, 0),
(470, 'S13', 0, 1, 0),
(470, 'S15', 0, 1, 0),
(470, 'S17', 0, 0, 1),
(471, 'P10', 1, 0, 0),
(471, 'S18', 0, 1, 0),
(471, 'S6', 0, 1, 0),
(471, 'S19', 0, 0, 1),
(472, 'P19', 1, 0, 0),
(472, 'S10', 0, 1, 0),
(472, 'S14', 0, 1, 0),
(472, 'S8', 0, 0, 1),
(473, 'P14', 1, 0, 0),
(473, 'S10', 0, 1, 0),
(473, 'S14', 0, 1, 0),
(473, 'S9', 0, 0, 1),
(474, 'P18', 1, 0, 0),
(474, 'S11', 0, 1, 0),
(474, 'S18', 0, 1, 0),
(474, 'S3', 0, 0, 1),
(474, 'S16', 0, 0, 1),
(475, 'P8', 1, 0, 0),
(475, 'S10', 0, 1, 0),
(475, 'S8', 0, 1, 0),
(475, 'S14', 0, 0, 1),
(475, 'S18', 0, 0, 1),
(476, 'P8', 1, 0, 0),
(476, 'S6', 0, 1, 0),
(476, 'S1', 0, 1, 0),
(476, 'S1', 0, 0, 1),
(477, 'P11', 1, 0, 0),
(477, 'S14', 0, 1, 0),
(477, 'S15', 0, 1, 0),
(477, 'S1', 0, 0, 1),
(478, 'P16', 1, 0, 0),
(478, 'S1', 0, 1, 0),
(478, 'S16', 0, 1, 0),
(478, 'S4', 0, 0, 1),
(479, 'P8', 1, 0, 0),
(479, 'S17', 0, 1, 0),
(479, 'S18', 0, 1, 0),
(479, 'S10', 0, 0, 1),
(480, 'P3', 1, 0, 0),
(480, 'S2', 0, 1, 0),
(480, 'S14', 0, 1, 0),
(480, 'S17', 0, 0, 1),
(481, 'P15', 1, 0, 0),
(481, 'S15', 0, 1, 0),
(481, 'S11', 0, 1, 0),
(481, 'S3', 0, 0, 1),
(482, 'P9', 1, 0, 0),
(482, 'S13', 0, 1, 0),
(482, 'S6', 0, 0, 1),
(483, 'P5', 1, 0, 0),
(483, 'S15', 0, 1, 0),
(483, 'S17', 0, 1, 0),
(483, 'S6', 0, 0, 1),
(484, 'P5', 1, 0, 0),
(484, 'S11', 0, 1, 0),
(484, 'S7', 0, 1, 0),
(484, 'S18', 0, 0, 1),
(485, 'P18', 1, 0, 0),
(485, 'S9', 0, 1, 0),
(485, 'S18', 0, 1, 0),
(485, 'S16', 0, 0, 1),
(486, 'P2', 1, 0, 0),
(486, 'S12', 0, 1, 0),
(486, 'S14', 0, 1, 0),
(486, 'S6', 0, 0, 1),
(487, 'P2', 1, 0, 0),
(487, 'S6', 0, 1, 0),
(487, 'S13', 0, 1, 0),
(487, 'S16', 0, 0, 1),
(488, 'P16', 1, 0, 0),
(488, 'S15', 0, 1, 0),
(488, 'S9', 0, 0, 1),
(489, 'P15', 1, 0, 0),
(489, 'S13', 0, 1, 0),
(489, 'S2', 0, 1, 0),
(489, 'S4', 0, 0, 1),
(490, 'P6', 1, 0, 0),
(490, 'S1', 0, 1, 0),
(490, 'S13', 0, 1, 0),
(490, 'S3', 0, 0, 1),
(491, 'P13', 1, 0, 0),
(491, 'S6', 0, 1, 0),
(491, 'S12', 0, 1, 0),
(491, 'S16', 0, 0, 1),
(492, 'P7', 1, 0, 0),
(492, 'S13', 0, 1, 0),
(492, 'S18', 0, 1, 0),
(492, 'S11', 0, 0, 1),
(493, 'P12', 1, 0, 0),
(493, 'S15', 0, 1, 0),
(493, 'S8', 0, 1, 0),
(493, 'S4', 0, 0, 1),
(494, 'P17', 1, 0, 0),
(494, 'S2', 0, 1, 0),
(494, 'S8', 0, 1, 0),
(494, 'S15', 0, 0, 1),
(495, 'P11', 1, 0, 0),
(495, 'S14', 0, 1, 0),
(495, 'S8', 0, 1, 0),
(495, 'S4', 0, 0, 1),
(496, 'P11', 1, 0, 0),
(496, 'S3', 0, 1, 0),
(496, 'S17', 0, 0, 1),
(497, 'P11', 1, 0, 0),
(497, 'S15', 0, 1, 0),
(497, 'S18', 0, 1, 0),
(497, 'S1', 0, 0, 1),
(498, 'P17', 1, 0, 0),
(498, 'S15', 0, 1, 0),
(498, 'S5', 0, 1, 0),
(498, 'S19', 0, 0, 1),
(499, 'P18', 1, 0, 0),
(499, 'S1', 0, 1, 0),
(499, 'S3', 0, 1, 0),
(499, 'S8', 0, 0, 1);

-- --------------------------------------------------------

--
-- Table structure for table `factors`
--

CREATE TABLE IF NOT EXISTS `factors` (
  `bookf` varchar(10) NOT NULL,
  `sortf` varchar(10) NOT NULL,
  `delif` varchar(10) NOT NULL,
  `distf` varchar(10) NOT NULL
) ENGINE=InnoDB DEFAULT CHARSET=latin1;

--
-- Dumping data for table `factors`
--

INSERT INTO `factors` (`bookf`, `sortf`, `delif`, `distf`) VALUES
('5', '10', '7', '0.005');

-- --------------------------------------------------------

--
-- Table structure for table `location`
--

CREATE TABLE IF NOT EXISTS `location` (
  `CITIES` varchar(20) DEFAULT NULL,
  `LATITUDE` varchar(20) DEFAULT NULL,
  `LONGITUDE` varchar(20) DEFAULT NULL,
  `PINCODE` varchar(20) DEFAULT NULL,
  `STATE` varchar(30) NOT NULL,
  `CAPITAL` varchar(20) NOT NULL
) ENGINE=InnoDB DEFAULT CHARSET=utf8;

--
-- Dumping data for table `location`
--

INSERT INTO `location` (`CITIES`, `LATITUDE`, `LONGITUDE`, `PINCODE`, `STATE`, `CAPITAL`) VALUES
('Mumbai', '18.968510', '72.822098', '400001', 'Maharashtra', 'Mumbai'),
('Hyderabad', '17.387982', '78.476606', '500001', 'Telangana', 'Hyderabad'),
('Pune', '18.522943', '73.875872', '411001', 'Maharashtra', 'Mumbai'),
('Chennai', '13.092722', '80.291475', '600001', 'Tamil Nadu', 'Chennai'),
('Delhi', '28.661959', '77.235064', '110006', 'Delhi', 'Delhi'),
('Kolkata', '22.572461', '88.347547', '700001', 'West Bengal', 'Kolkata'),
('Bengaluru', '12.981769', '77.594304', '560001', 'Karnataka', 'Bengaluru'),
('Ahmedabad', '23.028146', '72.583253', '380001', 'Gujarat', 'Gandhinagar'),
('Karnal', '29.687346', '76.990793', '132001', 'Haryana', 'Chandigarh'),
('Udupi', '13.340627', '74.748802', '576101', 'Karnataka', 'Bengaluru'),
('Kanpur', '26.473596', '80.350987', '208001', 'Uttar Pradesh', 'Lucknow'),
('KanyaKumari', '8.186801', '77.431424', '629001', 'Tamil Nadu', 'Chennai'),
('Kochi', '9.965686', '76.241323', '682001', 'Kerala', 'Thiruvananthapuram'),
('Noida', '28.579920', '77.315714', '201301', 'Uttar Pradesh', 'Lucknow'),
('Jammu', '32.918833', '75.135123', '182101', 'Jammu & Kashmir', 'Srinagar'),
('Imphal', '24.802027', '93.940637', '795001', 'Manipur', 'Imphal'),
('Alwar', '27.560700', '76.612200', '301001', 'Rajasthan', 'Jaipur'),
('Darjeeling', '27.039826', '88.265269', '734101', 'West Bengal', 'Kolkata'),
('Rourkela', '22.232075', '84.870623', '769001', 'Orissa', 'Bhubaneswar');

-- --------------------------------------------------------

--
-- Table structure for table `rms_nsh`
--

CREATE TABLE IF NOT EXISTS `rms_nsh` (
  `CAPITAL` varchar(20) NOT NULL,
  `RMS_LATITUDE` varchar(10) NOT NULL,
  `RMS_LONGITUDE` varchar(10) NOT NULL,
  `NSH_LATITUDE` varchar(10) NOT NULL,
  `NSH_LONGITUDE` varchar(10) NOT NULL
) ENGINE=InnoDB DEFAULT CHARSET=latin1;

--
-- Dumping data for table `rms_nsh`
--

INSERT INTO `rms_nsh` (`CAPITAL`, `RMS_LATITUDE`, `RMS_LONGITUDE`, `NSH_LATITUDE`, `NSH_LONGITUDE`) VALUES
('Mumbai', '18.939341', '72.837191', '19.096472', '72.856'),
('Hyderabad', '17.389557', '78.481932', '17.447983', '78.480621'),
('Chennai', '13.076159', '80.257782', '13.001191', '80.195318'),
('Delhi', '28.63671', '77.239388', '28.719784', '77.108549'),
('Kolkata', '22.576534', '88.345201', '22.643683', '88.436192'),
('Bengaluru', '12.982499', '77.567784', '12.987926', '77.59731'),
('Gandhinagar', '23.21778', '72.657976', '23.222731', '72.64517'),
('Chandigarh', '30.734728', '76.751771', '30.74212', '76.783529'),
('Lucknow', '26.848695', '80.949452', '26.855425', '80.949108'),
('Thiruvananthapuram', '8.487979', '76.94997', '8.495399', '76.947832'),
('Srinagar', '34.082311', '74.826545', '34.072007', '74.823759'),
('Imphal', '24.805321', '93.46221', '24.802285', '93.940636'),
('Jaipur', '26.92832', '75.790482', '26.921886', '75.785503'),
('Rourkela', '22.228457', '84.864359', '22.233185', '84.870582');

-- --------------------------------------------------------

--
-- Table structure for table `users`
--

CREATE TABLE IF NOT EXISTS `users` (
  `username` varchar(10) NOT NULL,
  `password` varchar(15) NOT NULL
) ENGINE=InnoDB DEFAULT CHARSET=latin1;

--
-- Dumping data for table `users`
--

INSERT INTO `users` (`username`, `password`) VALUES
('akshay', 'akshay'),
('admin', 'password'),
('a', 'v');

-- --------------------------------------------------------

--
-- Table structure for table `working`
--

CREATE TABLE IF NOT EXISTS `working` (
  `ProductId` int(11) DEFAULT NULL,
  `UserId` int(11) DEFAULT NULL,
  `Booking` int(11) DEFAULT NULL,
  `Sorting` int(11) DEFAULT NULL,
  `Delivery` int(11) DEFAULT NULL
) ENGINE=InnoDB DEFAULT CHARSET=latin1;

--
-- Dumping data for table `working`
--

INSERT INTO `working` (`ProductId`, `UserId`, `Booking`, `Sorting`, `Delivery`) VALUES
(1, 11, 1, 0, 0),
(1, 11, 0, 0, 1);

/*!40101 SET CHARACTER_SET_CLIENT=@OLD_CHARACTER_SET_CLIENT */;
/*!40101 SET CHARACTER_SET_RESULTS=@OLD_CHARACTER_SET_RESULTS */;
/*!40101 SET COLLATION_CONNECTION=@OLD_COLLATION_CONNECTION */;
